﻿[
  {
    "movies": {
"identity": 105,
"labels": [
        "Movie"
      ],
"properties": {
"tagline": "Everything is connected",
"title": "Cloud Atlas",
"released": 2012
      }
    }
  },
  {
    "movies": {
"identity": 116,
"labels": [
        "Movie"
      ],
"properties": {
"tagline": "Freedom! Forever!",
"title": "V for Vendetta",
"released": 2006
      }
    }
  },
  {
    "movies": {
"identity": 10,
"labels": [
        "Movie"
      ],
"properties": {
"tagline": "Everything that has a beginning has an end",
"title": "The Matrix Revolutions",
"released": 2003
      }
    }
  },
  {
    "movies": {
"identity": 9,
"labels": [
        "Movie"
      ],
"properties": {
"tagline": "Free your mind",
"title": "The Matrix Reloaded",
"released": 2003
      }
    }
  },
  {
    "movies": {
"identity": 10,
"labels": [
        "Movie"
      ],
"properties": {
"tagline": "Everything that has a beginning has an end",
"title": "The Matrix Revolutions",
"released": 2003
      }
    }
  },
  {
    "movies": {
"identity": 9,
"labels": [
        "Movie"
      ],
"properties": {
"tagline": "Free your mind",
"title": "The Matrix Reloaded",
"released": 2003
      }
    }
  },
  {
    "movies": {
"identity": 10,
"labels": [
        "Movie"
      ],
"properties": {
"tagline": "Everything that has a beginning has an end",
"title": "The Matrix Revolutions",
"released": 2003
      }
    }
  },
  {
    "movies": {
"identity": 9,
"labels": [
        "Movie"
      ],
"properties": {
"tagline": "Free your mind",
"title": "The Matrix Reloaded",
"released": 2003
      }
    }
  },
  {
    "movies": {
"identity": 154,
"labels": [
        "Movie"
      ],
"properties": {
"title": "Something's Gotta Give",
"released": 2003
      }
    }
  },
  {
    "movies": {
"identity": 87,
"labels": [
        "Movie"
      ],
"properties": {
"tagline": "Pain heals, Chicks dig scars... Glory lasts forever",
"title": "The Replacements",
"released": 2000
      }
    }
  },
  {
    "movies": {
"identity": 100,
"labels": [
        "Movie"
      ],
"properties": {
"tagline": "The hottest data on earth. In the coolest head in town",
"title": "Johnny Mnemonic",
"released": 1995
      }
    }
  },
  {
    "movies": {
"identity": 11,
"labels": [
        "Movie"
      ],
"properties": {
"tagline": "Evil has its winning ways",
"title": "The Devil's Advocate",
"released": 1997
      }
    }
  },
  {
    "movies": {
"identity": 10,
"labels": [
        "Movie"
      ],
"properties": {
"tagline": "Everything that has a beginning has an end",
"title": "The Matrix Revolutions",
"released": 2003
      }
    }
  },
  {
    "movies": {
"identity": 9,
"labels": [
        "Movie"
      ],
"properties": {
"tagline": "Free your mind",
"title": "The Matrix Reloaded",
"released": 2003
      }
    }
  }
]