﻿[
  {
    "actors": {
"identity": 1,
"labels": [
        "Person"
      ],
"properties": {
"name": "Keanu Reeves",
"born": 1964
      }
    },
    "movies": 7
  },
  {
    "actors": {
"identity": 2,
"labels": [
        "Person"
      ],
"properties": {
"name": "Carrie-Anne Moss",
"born": 1967
      }
    },
    "movies": 3
  },
  {
    "actors": {
"identity": 3,
"labels": [
        "Person"
      ],
"properties": {
"name": "Laurence Fishburne",
"born": 1961
      }
    },
    "movies": 3
  },
  {
    "actors": {
"identity": 4,
"labels": [
        "Person"
      ],
"properties": {
"name": "Hugo Weaving",
"born": 1960
      }
    },
    "movies": 5
  },
  {
    "actors": {
"identity": 8,
"labels": [
        "Person"
      ],
"properties": {
"name": "Emil Eifrem",
"born": 1978
      }
    },
    "movies": 1
  },
  {
    "actors": {
"identity": 12,
"labels": [
        "Person"
      ],
"properties": {
"name": "Charlize Theron",
"born": 1975
      }
    },
    "movies": 2
  },
  {
    "actors": {
"identity": 13,
"labels": [
        "Person"
      ],
"properties": {
"name": "Al Pacino",
"born": 1940
      }
    },
    "movies": 1
  },
  {
    "actors": {
"identity": 16,
"labels": [
        "Person"
      ],
"properties": {
"name": "Tom Cruise",
"born": 1962
      }
    },
    "movies": 3
  },
  {
    "actors": {
"identity": 17,
"labels": [
        "Person"
      ],
"properties": {
"name": "Jack Nicholson",
"born": 1937
      }
    },
    "movies": 5
  },
  {
    "actors": {
"identity": 18,
"labels": [
        "Person"
      ],
"properties": {
"name": "Demi Moore",
"born": 1962
      }
    },
    "movies": 1
  },
  {
    "actors": {
"identity": 19,
"labels": [
        "Person"
      ],
"properties": {
"name": "Kevin Bacon",
"born": 1958
      }
    },
    "movies": 3
  },
  {
    "actors": {
"identity": 20,
"labels": [
        "Person"
      ],
"properties": {
"name": "Kiefer Sutherland",
"born": 1966
      }
    },
    "movies": 2
  },
  {
    "actors": {
"identity": 21,
"labels": [
        "Person"
      ],
"properties": {
"name": "Noah Wyle",
"born": 1971
      }
    },
    "movies": 1
  },
  {
    "actors": {
"identity": 22,
"labels": [
        "Person"
      ],
"properties": {
"name": "Cuba Gooding Jr.",
"born": 1968
      }
    },
    "movies": 4
  },
  {
    "actors": {
"identity": 23,
"labels": [
        "Person"
      ],
"properties": {
"name": "Kevin Pollak",
"born": 1957
      }
    },
    "movies": 1
  },
  {
    "actors": {
"identity": 24,
"labels": [
        "Person"
      ],
"properties": {
"name": "J.T. Walsh",
"born": 1943
      }
    },
    "movies": 2
  },
  {
    "actors": {
"identity": 25,
"labels": [
        "Person"
      ],
"properties": {
"name": "James Marshall",
"born": 1967
      }
    },
    "movies": 1
  },
  {
    "actors": {
"identity": 26,
"labels": [
        "Person"
      ],
"properties": {
"name": "Christopher Guest",
"born": 1948
      }
    },
    "movies": 1
  },
  {
    "actors": {
"identity": 28,
"labels": [
        "Person"
      ],
"properties": {
"name": "Aaron Sorkin",
"born": 1961
      }
    },
    "movies": 1
  },
  {
    "actors": {
"identity": 30,
"labels": [
        "Person"
      ],
"properties": {
"name": "Kelly McGillis",
"born": 1957
      }
    },
    "movies": 1
  },
  {
    "actors": {
"identity": 31,
"labels": [
        "Person"
      ],
"properties": {
"name": "Val Kilmer",
"born": 1959
      }
    },
    "movies": 1
  },
  {
    "actors": {
"identity": 32,
"labels": [
        "Person"
      ],
"properties": {
"name": "Anthony Edwards",
"born": 1962
      }
    },
    "movies": 1
  },
  {
    "actors": {
"identity": 33,
"labels": [
        "Person"
      ],
"properties": {
"name": "Tom Skerritt",
"born": 1933
      }
    },
    "movies": 1
  },
  {
    "actors": {
"identity": 34,
"labels": [
        "Person"
      ],
"properties": {
"name": "Meg Ryan",
"born": 1961
      }
    },
    "movies": 5
  },
  {
    "actors": {
"identity": 38,
"labels": [
        "Person"
      ],
"properties": {
"name": "Renee Zellweger",
"born": 1969
      }
    },
    "movies": 1
  },
  {
    "actors": {
"identity": 39,
"labels": [
        "Person"
      ],
"properties": {
"name": "Kelly Preston",
"born": 1962
      }
    },
    "movies": 1
  },
  {
    "actors": {
"identity": 40,
"labels": [
        "Person"
      ],
"properties": {
"name": "Jerry O'Connell",
"born": 1974
      }
    },
    "movies": 2
  },
  {
    "actors": {
"identity": 41,
"labels": [
        "Person"
      ],
"properties": {
"name": "Jay Mohr",
"born": 1970
      }
    },
    "movies": 1
  },
  {
    "actors": {
"identity": 42,
"labels": [
        "Person"
      ],
"properties": {
"name": "Bonnie Hunt",
"born": 1961
      }
    },
    "movies": 2
  },
  {
    "actors": {
"identity": 43,
"labels": [
        "Person"
      ],
"properties": {
"name": "Regina King",
"born": 1971
      }
    },
    "movies": 1
  },
  {
    "actors": {
"identity": 44,
"labels": [
        "Person"
      ],
"properties": {
"name": "Jonathan Lipnicki",
"born": 1996
      }
    },
    "movies": 1
  },
  {
    "actors": {
"identity": 47,
"labels": [
        "Person"
      ],
"properties": {
"name": "River Phoenix",
"born": 1970
      }
    },
    "movies": 1
  },
  {
    "actors": {
"identity": 48,
"labels": [
        "Person"
      ],
"properties": {
"name": "Corey Feldman",
"born": 1971
      }
    },
    "movies": 1
  },
  {
    "actors": {
"identity": 49,
"labels": [
        "Person"
      ],
"properties": {
"name": "Wil Wheaton",
"born": 1972
      }
    },
    "movies": 1
  },
  {
    "actors": {
"identity": 50,
"labels": [
        "Person"
      ],
"properties": {
"name": "John Cusack",
"born": 1966
      }
    },
    "movies": 1
  },
  {
    "actors": {
"identity": 51,
"labels": [
        "Person"
      ],
"properties": {
"name": "Marshall Bell",
"born": 1942
      }
    },
    "movies": 2
  },
  {
    "actors": {
"identity": 53,
"labels": [
        "Person"
      ],
"properties": {
"name": "Helen Hunt",
"born": 1963
      }
    },
    "movies": 3
  },
  {
    "actors": {
"identity": 54,
"labels": [
        "Person"
      ],
"properties": {
"name": "Greg Kinnear",
"born": 1963
      }
    },
    "movies": 2
  },
  {
    "actors": {
"identity": 57,
"labels": [
        "Person"
      ],
"properties": {
"name": "Annabella Sciorra",
"born": 1960
      }
    },
    "movies": 1
  },
  {
    "actors": {
"identity": 58,
"labels": [
        "Person"
      ],
"properties": {
"name": "Max von Sydow",
"born": 1929
      }
    },
    "movies": 2
  },
  {
    "actors": {
"identity": 59,
"labels": [
        "Person"
      ],
"properties": {
"name": "Werner Herzog",
"born": 1942
      }
    },
    "movies": 1
  },
  {
    "actors": {
"identity": 60,
"labels": [
        "Person"
      ],
"properties": {
"name": "Robin Williams",
"born": 1951
      }
    },
    "movies": 3
  },
  {
    "actors": {
"identity": 63,
"labels": [
        "Person"
      ],
"properties": {
"name": "Ethan Hawke",
"born": 1970
      }
    },
    "movies": 1
  },
  {
    "actors": {
"identity": 64,
"labels": [
        "Person"
      ],
"properties": {
"name": "Rick Yune",
"born": 1971
      }
    },
    "movies": 2
  },
  {
    "actors": {
"identity": 65,
"labels": [
        "Person"
      ],
"properties": {
"name": "James Cromwell",
"born": 1940
      }
    },
    "movies": 2
  },
  {
    "actors": {
"identity": 68,
"labels": [
        "Person"
      ],
"properties": {
"name": "Parker Posey",
"born": 1968
      }
    },
    "movies": 1
  },
  {
    "actors": {
"identity": 69,
"labels": [
        "Person"
      ],
"properties": {
"name": "Dave Chappelle",
"born": 1973
      }
    },
    "movies": 1
  },
  {
    "actors": {
"identity": 70,
"labels": [
        "Person"
      ],
"properties": {
"name": "Steve Zahn",
"born": 1967
      }
    },
    "movies": 2
  },
  {
    "actors": {
"identity": 71,
"labels": [
        "Person"
      ],
"properties": {
"name": "Tom Hanks",
"born": 1956
      }
    },
    "movies": 12
  },
  {
    "actors": {
"identity": 74,
"labels": [
        "Person"
      ],
"properties": {
"name": "Rita Wilson",
"born": 1956
      }
    },
    "movies": 1
  },
  {
    "actors": {
"identity": 75,
"labels": [
        "Person"
      ],
"properties": {
"name": "Bill Pullman",
"born": 1953
      }
    },
    "movies": 1
  },
  {
    "actors": {
"identity": 76,
"labels": [
        "Person"
      ],
"properties": {
"name": "Victor Garber",
"born": 1949
      }
    },
    "movies": 1
  },
  {
    "actors": {
"identity": 77,
"labels": [
        "Person"
      ],
"properties": {
"name": "Rosie O'Donnell",
"born": 1962
      }
    },
    "movies": 2
  },
  {
    "actors": {
"identity": 80,
"labels": [
        "Person"
      ],
"properties": {
"name": "Nathan Lane",
"born": 1956
      }
    },
    "movies": 2
  },
  {
    "actors": {
"identity": 82,
"labels": [
        "Person"
      ],
"properties": {
"name": "Billy Crystal",
"born": 1948
      }
    },
    "movies": 1
  },
  {
    "actors": {
"identity": 83,
"labels": [
        "Person"
      ],
"properties": {
"name": "Carrie Fisher",
"born": 1956
      }
    },
    "movies": 1
  },
  {
    "actors": {
"identity": 84,
"labels": [
        "Person"
      ],
"properties": {
"name": "Bruno Kirby",
"born": 1949
      }
    },
    "movies": 1
  },
  {
    "actors": {
"identity": 86,
"labels": [
        "Person"
      ],
"properties": {
"name": "Liv Tyler",
"born": 1977
      }
    },
    "movies": 1
  },
  {
    "actors": {
"identity": 88,
"labels": [
        "Person"
      ],
"properties": {
"name": "Brooke Langton",
"born": 1970
      }
    },
    "movies": 1
  },
  {
    "actors": {
"identity": 89,
"labels": [
        "Person"
      ],
"properties": {
"name": "Gene Hackman",
"born": 1930
      }
    },
    "movies": 3
  },
  {
    "actors": {
"identity": 90,
"labels": [
        "Person"
      ],
"properties": {
"name": "Orlando Jones",
"born": 1968
      }
    },
    "movies": 1
  },
  {
    "actors": {
"identity": 93,
"labels": [
        "Person"
      ],
"properties": {
"name": "Christian Bale",
"born": 1974
      }
    },
    "movies": 1
  },
  {
    "actors": {
"identity": 94,
"labels": [
        "Person"
      ],
"properties": {
"name": "Zach Grenier",
"born": 1954
      }
    },
    "movies": 2
  },
  {
    "actors": {
"identity": 98,
"labels": [
        "Person"
      ],
"properties": {
"name": "Richard Harris",
"born": 1930
      }
    },
    "movies": 1
  },
  {
    "actors": {
"identity": 99,
"labels": [
        "Person"
      ],
"properties": {
"name": "Clint Eastwood",
"born": 1930
      }
    },
    "movies": 1
  },
  {
    "actors": {
"identity": 101,
"labels": [
        "Person"
      ],
"properties": {
"name": "Takeshi Kitano",
"born": 1947
      }
    },
    "movies": 1
  },
  {
    "actors": {
"identity": 102,
"labels": [
        "Person"
      ],
"properties": {
"name": "Dina Meyer",
"born": 1968
      }
    },
    "movies": 1
  },
  {
    "actors": {
"identity": 103,
"labels": [
        "Person"
      ],
"properties": {
"name": "Ice-T",
"born": 1958
      }
    },
    "movies": 1
  },
  {
    "actors": {
"identity": 106,
"labels": [
        "Person"
      ],
"properties": {
"name": "Halle Berry",
"born": 1966
      }
    },
    "movies": 1
  },
  {
    "actors": {
"identity": 107,
"labels": [
        "Person"
      ],
"properties": {
"name": "Jim Broadbent",
"born": 1949
      }
    },
    "movies": 1
  },
  {
    "actors": {
"identity": 112,
"labels": [
        "Person"
      ],
"properties": {
"name": "Ian McKellen",
"born": 1939
      }
    },
    "movies": 1
  },
  {
    "actors": {
"identity": 113,
"labels": [
        "Person"
      ],
"properties": {
"name": "Audrey Tautou",
"born": 1976
      }
    },
    "movies": 1
  },
  {
    "actors": {
"identity": 114,
"labels": [
        "Person"
      ],
"properties": {
"name": "Paul Bettany",
"born": 1971
      }
    },
    "movies": 1
  },
  {
    "actors": {
"identity": 117,
"labels": [
        "Person"
      ],
"properties": {
"name": "Natalie Portman",
"born": 1981
      }
    },
    "movies": 1
  },
  {
    "actors": {
"identity": 118,
"labels": [
        "Person"
      ],
"properties": {
"name": "Stephen Rea",
"born": 1946
      }
    },
    "movies": 1
  },
  {
    "actors": {
"identity": 119,
"labels": [
        "Person"
      ],
"properties": {
"name": "John Hurt",
"born": 1940
      }
    },
    "movies": 1
  },
  {
    "actors": {
"identity": 120,
"labels": [
        "Person"
      ],
"properties": {
"name": "Ben Miles",
"born": 1967
      }
    },
    "movies": 3
  },
  {
    "actors": {
"identity": 122,
"labels": [
        "Person"
      ],
"properties": {
"name": "Emile Hirsch",
"born": 1985
      }
    },
    "movies": 1
  },
  {
    "actors": {
"identity": 123,
"labels": [
        "Person"
      ],
"properties": {
"name": "John Goodman",
"born": 1960
      }
    },
    "movies": 1
  },
  {
    "actors": {
"identity": 124,
"labels": [
        "Person"
      ],
"properties": {
"name": "Susan Sarandon",
"born": 1946
      }
    },
    "movies": 1
  },
  {
    "actors": {
"identity": 125,
"labels": [
        "Person"
      ],
"properties": {
"name": "Matthew Fox",
"born": 1966
      }
    },
    "movies": 1
  },
  {
    "actors": {
"identity": 126,
"labels": [
        "Person"
      ],
"properties": {
"name": "Christina Ricci",
"born": 1980
      }
    },
    "movies": 1
  },
  {
    "actors": {
"identity": 127,
"labels": [
        "Person"
      ],
"properties": {
"name": "Rain",
"born": 1982
      }
    },
    "movies": 2
  },
  {
    "actors": {
"identity": 129,
"labels": [
        "Person"
      ],
"properties": {
"name": "Naomie Harris"
      }
    },
    "movies": 1
  },
  {
    "actors": {
"identity": 131,
"labels": [
        "Person"
      ],
"properties": {
"name": "Michael Clarke Duncan",
"born": 1957
      }
    },
    "movies": 1
  },
  {
    "actors": {
"identity": 132,
"labels": [
        "Person"
      ],
"properties": {
"name": "David Morse",
"born": 1953
      }
    },
    "movies": 1
  },
  {
    "actors": {
"identity": 133,
"labels": [
        "Person"
      ],
"properties": {
"name": "Sam Rockwell",
"born": 1968
      }
    },
    "movies": 2
  },
  {
    "actors": {
"identity": 134,
"labels": [
        "Person"
      ],
"properties": {
"name": "Gary Sinise",
"born": 1955
      }
    },
    "movies": 2
  },
  {
    "actors": {
"identity": 135,
"labels": [
        "Person"
      ],
"properties": {
"name": "Patricia Clarkson",
"born": 1959
      }
    },
    "movies": 1
  },
  {
    "actors": {
"identity": 138,
"labels": [
        "Person"
      ],
"properties": {
"name": "Frank Langella",
"born": 1938
      }
    },
    "movies": 1
  },
  {
    "actors": {
"identity": 139,
"labels": [
        "Person"
      ],
"properties": {
"name": "Michael Sheen",
"born": 1969
      }
    },
    "movies": 1
  },
  {
    "actors": {
"identity": 140,
"labels": [
        "Person"
      ],
"properties": {
"name": "Oliver Platt",
"born": 1960
      }
    },
    "movies": 2
  },
  {
    "actors": {
"identity": 142,
"labels": [
        "Person"
      ],
"properties": {
"name": "Danny DeVito",
"born": 1944
      }
    },
    "movies": 2
  },
  {
    "actors": {
"identity": 143,
"labels": [
        "Person"
      ],
"properties": {
"name": "John C. Reilly",
"born": 1965
      }
    },
    "movies": 1
  },
  {
    "actors": {
"identity": 145,
"labels": [
        "Person"
      ],
"properties": {
"name": "Ed Harris",
"born": 1950
      }
    },
    "movies": 1
  },
  {
    "actors": {
"identity": 146,
"labels": [
        "Person"
      ],
"properties": {
"name": "Bill Paxton",
"born": 1955
      }
    },
    "movies": 3
  },
  {
    "actors": {
"identity": 148,
"labels": [
        "Person"
      ],
"properties": {
"name": "Philip Seymour Hoffman",
"born": 1967
      }
    },
    "movies": 2
  },
  {
    "actors": {
"identity": 155,
"labels": [
        "Person"
      ],
"properties": {
"name": "Diane Keaton",
"born": 1946
      }
    },
    "movies": 1
  },
  {
    "actors": {
"identity": 160,
"labels": [
        "Person"
      ],
"properties": {
"name": "Julia Roberts",
"born": 1967
      }
    },
    "movies": 1
  },
  {
    "actors": {
"identity": 163,
"labels": [
        "Person"
      ],
"properties": {
"name": "Madonna",
"born": 1954
      }
    },
    "movies": 1
  },
  {
    "actors": {
"identity": 164,
"labels": [
        "Person"
      ],
"properties": {
"name": "Geena Davis",
"born": 1956
      }
    },
    "movies": 1
  },
  {
    "actors": {
"identity": 165,
"labels": [
        "Person"
      ],
"properties": {
"name": "Lori Petty",
"born": 1963
      }
    },
    "movies": 1
  }
]