﻿[
  {
    "m": {
"identity": 10,
"labels": [
        "Movie"
      ],
"properties": {
"tagline": "Everything that has a beginning has an end",
"title": "The Matrix Revolutions",
"released": 2003
      }
    }
  },
  {
    "m": {
"identity": 9,
"labels": [
        "Movie"
      ],
"properties": {
"tagline": "Free your mind",
"title": "The Matrix Reloaded",
"released": 2003
      }
    }
  },
  {
    "m": {
"identity": 0,
"labels": [
        "Movie"
      ],
"properties": {
"tagline": "Welcome to the Real World",
"title": "The Matrix",
"released": 1999
      }
    }
  }
]