﻿[
  {
    "hugoMovies": {
"identity": 105,
"labels": [
        "Movie"
      ],
"properties": {
"tagline": "Everything is connected",
"title": "Cloud Atlas",
"released": 2012
      }
    }
  },
  {
    "hugoMovies": {
"identity": 116,
"labels": [
        "Movie"
      ],
"properties": {
"tagline": "Freedom! Forever!",
"title": "V for Vendetta",
"released": 2006
      }
    }
  },
  {
    "hugoMovies": {
"identity": 10,
"labels": [
        "Movie"
      ],
"properties": {
"tagline": "Everything that has a beginning has an end",
"title": "The Matrix Revolutions",
"released": 2003
      }
    }
  },
  {
    "hugoMovies": {
"identity": 9,
"labels": [
        "Movie"
      ],
"properties": {
"tagline": "Free your mind",
"title": "The Matrix Reloaded",
"released": 2003
      }
    }
  },
  {
    "hugoMovies": {
"identity": 0,
"labels": [
        "Movie"
      ],
"properties": {
"tagline": "Welcome to the Real World",
"title": "The Matrix",
"released": 1999
      }
    }
  }
]