﻿[
  {
    "coActors": {
"identity": 71,
"labels": [
        "Person"
      ],
"properties": {
"name": "Tom Hanks",
"born": 1956
      }
    }
  },
  {
    "coActors": {
"identity": 107,
"labels": [
        "Person"
      ],
"properties": {
"name": "Jim Broadbent",
"born": 1949
      }
    }
  },
  {
    "coActors": {
"identity": 106,
"labels": [
        "Person"
      ],
"properties": {
"name": "Halle Berry",
"born": 1966
      }
    }
  },
  {
    "coActors": {
"identity": 119,
"labels": [
        "Person"
      ],
"properties": {
"name": "John Hurt",
"born": 1940
      }
    }
  },
  {
    "coActors": {
"identity": 118,
"labels": [
        "Person"
      ],
"properties": {
"name": "Stephen Rea",
"born": 1946
      }
    }
  },
  {
    "coActors": {
"identity": 117,
"labels": [
        "Person"
      ],
"properties": {
"name": "Natalie Portman",
"born": 1981
      }
    }
  },
  {
    "coActors": {
"identity": 120,
"labels": [
        "Person"
      ],
"properties": {
"name": "Ben Miles",
"born": 1967
      }
    }
  },
  {
    "coActors": {
"identity": 3,
"labels": [
        "Person"
      ],
"properties": {
"name": "Laurence Fishburne",
"born": 1961
      }
    }
  },
  {
    "coActors": {
"identity": 2,
"labels": [
        "Person"
      ],
"properties": {
"name": "Carrie-Anne Moss",
"born": 1967
      }
    }
  },
  {
    "coActors": {
"identity": 1,
"labels": [
        "Person"
      ],
"properties": {
"name": "Keanu Reeves",
"born": 1964
      }
    }
  },
  {
    "coActors": {
"identity": 3,
"labels": [
        "Person"
      ],
"properties": {
"name": "Laurence Fishburne",
"born": 1961
      }
    }
  },
  {
    "coActors": {
"identity": 2,
"labels": [
        "Person"
      ],
"properties": {
"name": "Carrie-Anne Moss",
"born": 1967
      }
    }
  },
  {
    "coActors": {
"identity": 1,
"labels": [
        "Person"
      ],
"properties": {
"name": "Keanu Reeves",
"born": 1964
      }
    }
  },
  {
    "coActors": {
"identity": 8,
"labels": [
        "Person"
      ],
"properties": {
"name": "Emil Eifrem",
"born": 1978
      }
    }
  },
  {
    "coActors": {
"identity": 3,
"labels": [
        "Person"
      ],
"properties": {
"name": "Laurence Fishburne",
"born": 1961
      }
    }
  },
  {
    "coActors": {
"identity": 2,
"labels": [
        "Person"
      ],
"properties": {
"name": "Carrie-Anne Moss",
"born": 1967
      }
    }
  },
  {
    "coActors": {
"identity": 1,
"labels": [
        "Person"
      ],
"properties": {
"name": "Keanu Reeves",
"born": 1964
      }
    }
  }
]