﻿[
  {
    "p": {
"identity": 45,
"labels": [
        "Person"
      ],
"properties": {
"name": "Cameron Crowe",
"born": 1957
      }
    },
    "m": {
"identity": 37,
"labels": [
        "Movie"
      ],
"properties": {
"tagline": "The rest of his life begins now.",
"title": "Jerry Maguire",
"released": 2000
      }
    }
  },
  {
    "p": {
"identity": 6,
"labels": [
        "Person"
      ],
"properties": {
"name": "Lana Wachowski",
"born": 1965
      }
    },
    "m": {
"identity": 121,
"labels": [
        "Movie"
      ],
"properties": {
"tagline": "Speed has no limits",
"title": "Speed Racer",
"released": 2008
      }
    }
  },
  {
    "p": {
"identity": 5,
"labels": [
        "Person"
      ],
"properties": {
"name": "Lilly Wachowski",
"born": 1967
      }
    },
    "m": {
"identity": 121,
"labels": [
        "Movie"
      ],
"properties": {
"tagline": "Speed has no limits",
"title": "Speed Racer",
"released": 2008
      }
    }
  },
  {
    "p": {
"identity": 156,
"labels": [
        "Person"
      ],
"properties": {
"name": "Nancy Meyers",
"born": 1949
      }
    },
    "m": {
"identity": 154,
"labels": [
        "Movie"
      ],
"properties": {
"title": "Something's Gotta Give",
"released": 2003
      }
    }
  }
]