﻿[
  {
    "movie": {
"identity": 0,
"labels": [
        "Movie"
      ],
"properties": {
"tagline": "Welcome to the Real World",
"title": "The Matrix",
"released": 1999
      }
    }
  },
  {
    "movie": {
"identity": 9,
"labels": [
        "Movie"
      ],
"properties": {
"tagline": "Free your mind",
"title": "The Matrix Reloaded",
"released": 2003
      }
    }
  },
  {
    "movie": {
"identity": 10,
"labels": [
        "Movie"
      ],
"properties": {
"tagline": "Everything that has a beginning has an end",
"title": "The Matrix Revolutions",
"released": 2003
      }
    }
  },
  {
    "movie": {
"identity": 11,
"labels": [
        "Movie"
      ],
"properties": {
"tagline": "Evil has its winning ways",
"title": "The Devil's Advocate",
"released": 1997
      }
    }
  },
  {
    "movie": {
"identity": 15,
"labels": [
        "Movie"
      ],
"properties": {
"tagline": "In the heart of the nation's capital, in a courthouse of the U.S. government, one man will stop at nothing to keep his honor, and one will stop at nothing to find the truth.",
"title": "A Few Good Men",
"released": 1992
      }
    }
  },
  {
    "movie": {
"identity": 29,
"labels": [
        "Movie"
      ],
"properties": {
"tagline": "I feel the need, the need for speed.",
"title": "Top Gun",
"released": 1986
      }
    }
  },
  {
    "movie": {
"identity": 37,
"labels": [
        "Movie"
      ],
"properties": {
"tagline": "The rest of his life begins now.",
"title": "Jerry Maguire",
"released": 2000
      }
    }
  },
  {
    "movie": {
"identity": 46,
"labels": [
        "Movie"
      ],
"properties": {
"tagline": "For some, it's the last real taste of innocence, and the first real taste of life. But for everyone, it's the time that memories are made of.",
"title": "Stand By Me",
"released": 1986
      }
    }
  },
  {
    "movie": {
"identity": 52,
"labels": [
        "Movie"
      ],
"properties": {
"tagline": "A comedy from the heart that goes for the throat.",
"title": "As Good as It Gets",
"released": 1997
      }
    }
  },
  {
    "movie": {
"identity": 56,
"labels": [
        "Movie"
      ],
"properties": {
"tagline": "After life there is more. The end is just the beginning.",
"title": "What Dreams May Come",
"released": 1998
      }
    }
  },
  {
    "movie": {
"identity": 62,
"labels": [
        "Movie"
      ],
"properties": {
"tagline": "First loves last. Forever.",
"title": "Snow Falling on Cedars",
"released": 1999
      }
    }
  },
  {
    "movie": {
"identity": 67,
"labels": [
        "Movie"
      ],
"properties": {
"tagline": "At odds in life... in love on-line.",
"title": "You've Got Mail",
"released": 1998
      }
    }
  },
  {
    "movie": {
"identity": 73,
"labels": [
        "Movie"
      ],
"properties": {
"tagline": "What if someone you never met, someone you never saw, someone you never knew was the only someone for you?",
"title": "Sleepless in Seattle",
"released": 1993
      }
    }
  },
  {
    "movie": {
"identity": 78,
"labels": [
        "Movie"
      ],
"properties": {
"tagline": "A story of love, lava and burning desire.",
"title": "Joe Versus the Volcano",
"released": 1990
      }
    }
  },
  {
    "movie": {
"identity": 81,
"labels": [
        "Movie"
      ],
"properties": {
"tagline": "Can two friends sleep together and still love each other in the morning?",
"title": "When Harry Met Sally",
"released": 1998
      }
    }
  },
  {
    "movie": {
"identity": 85,
"labels": [
        "Movie"
      ],
"properties": {
"tagline": "In every life there comes a time when that thing you dream becomes that thing you do",
"title": "That Thing You Do",
"released": 1996
      }
    }
  },
  {
    "movie": {
"identity": 87,
"labels": [
        "Movie"
      ],
"properties": {
"tagline": "Pain heals, Chicks dig scars... Glory lasts forever",
"title": "The Replacements",
"released": 2000
      }
    }
  },
  {
    "movie": {
"identity": 92,
"labels": [
        "Movie"
      ],
"properties": {
"tagline": "Based on the extraordinary true story of one man's fight for freedom",
"title": "RescueDawn",
"released": 2006
      }
    }
  },
  {
    "movie": {
"identity": 95,
"labels": [
        "Movie"
      ],
"properties": {
"tagline": "Come as you are",
"title": "The Birdcage",
"released": 1996
      }
    }
  },
  {
    "movie": {
"identity": 97,
"labels": [
        "Movie"
      ],
"properties": {
"tagline": "It's a hell of a thing, killing a man",
"title": "Unforgiven",
"released": 1992
      }
    }
  },
  {
    "movie": {
"identity": 100,
"labels": [
        "Movie"
      ],
"properties": {
"tagline": "The hottest data on earth. In the coolest head in town",
"title": "Johnny Mnemonic",
"released": 1995
      }
    }
  },
  {
    "movie": {
"identity": 105,
"labels": [
        "Movie"
      ],
"properties": {
"tagline": "Everything is connected",
"title": "Cloud Atlas",
"released": 2012
      }
    }
  },
  {
    "movie": {
"identity": 111,
"labels": [
        "Movie"
      ],
"properties": {
"tagline": "Break The Codes",
"title": "The Da Vinci Code",
"released": 2006
      }
    }
  },
  {
    "movie": {
"identity": 116,
"labels": [
        "Movie"
      ],
"properties": {
"tagline": "Freedom! Forever!",
"title": "V for Vendetta",
"released": 2006
      }
    }
  },
  {
    "movie": {
"identity": 121,
"labels": [
        "Movie"
      ],
"properties": {
"tagline": "Speed has no limits",
"title": "Speed Racer",
"released": 2008
      }
    }
  },
  {
    "movie": {
"identity": 128,
"labels": [
        "Movie"
      ],
"properties": {
"tagline": "Prepare to enter a secret world of assassins",
"title": "Ninja Assassin",
"released": 2009
      }
    }
  },
  {
    "movie": {
"identity": 130,
"labels": [
        "Movie"
      ],
"properties": {
"tagline": "Walk a mile you'll never forget.",
"title": "The Green Mile",
"released": 1999
      }
    }
  },
  {
    "movie": {
"identity": 137,
"labels": [
        "Movie"
      ],
"properties": {
"tagline": "400 million people were waiting for the truth.",
"title": "Frost/Nixon",
"released": 2008
      }
    }
  },
  {
    "movie": {
"identity": 141,
"labels": [
        "Movie"
      ],
"properties": {
"tagline": "He didn't want law. He wanted justice.",
"title": "Hoffa",
"released": 1992
      }
    }
  },
  {
    "movie": {
"identity": 144,
"labels": [
        "Movie"
      ],
"properties": {
"tagline": "Houston, we have a problem.",
"title": "Apollo 13",
"released": 1995
      }
    }
  },
  {
    "movie": {
"identity": 147,
"labels": [
        "Movie"
      ],
"properties": {
"tagline": "Don't Breathe. Don't Look Back.",
"title": "Twister",
"released": 1996
      }
    }
  },
  {
    "movie": {
"identity": 150,
"labels": [
        "Movie"
      ],
"properties": {
"tagline": "At the edge of the world, his journey begins.",
"title": "Cast Away",
"released": 2000
      }
    }
  },
  {
    "movie": {
"identity": 152,
"labels": [
        "Movie"
      ],
"properties": {
"tagline": "If he's crazy, what does that make you?",
"title": "One Flew Over the Cuckoo's Nest",
"released": 1975
      }
    }
  },
  {
    "movie": {
"identity": 154,
"labels": [
        "Movie"
      ],
"properties": {
"title": "Something's Gotta Give",
"released": 2003
      }
    }
  },
  {
    "movie": {
"identity": 157,
"labels": [
        "Movie"
      ],
"properties": {
"tagline": "One robot's 200 year journey to become an ordinary man.",
"title": "Bicentennial Man",
"released": 1999
      }
    }
  },
  {
    "movie": {
"identity": 159,
"labels": [
        "Movie"
      ],
"properties": {
"tagline": "A stiff drink. A little mascara. A lot of nerve. Who said they couldn't bring down the Soviet empire.",
"title": "Charlie Wilson's War",
"released": 2007
      }
    }
  },
  {
    "movie": {
"identity": 161,
"labels": [
        "Movie"
      ],
"properties": {
"tagline": "This Holiday Season... Believe",
"title": "The Polar Express",
"released": 2004
      }
    }
  },
  {
    "movie": {
"identity": 162,
"labels": [
        "Movie"
      ],
"properties": {
"tagline": "Once in a lifetime you get a chance to do something different.",
"title": "A League of Their Own",
"released": 1992
      }
    }
  }
]