[
        {
                "_id" : "NOK",
                "totalMoney" : 3057099.43
        },
        {
                "_id" : "GMD",
                "totalMoney" : 631855.6
        },
        {
                "_id" : "TND",
                "totalMoney" : 1303023.6
        },
        {
                "_id" : "AUD",
                "totalMoney" : 970668.12
        },
        {
                "_id" : "JPY",
                "totalMoney" : 10355493.97
        },
        {
                "_id" : "ISK",
                "totalMoney" : 156194.96
        },
        {
                "_id" : "COP",
                "totalMoney" : 7909127.86
        },
        {
                "_id" : "BOB",
                "totalMoney" : 1029734.16
        },
        {
                "_id" : "KGS",
                "totalMoney" : 707311.16
        },
        {
                "_id" : "PAB",
                "totalMoney" : 1454574.44
        },
        {
                "_id" : "HTG",
                "totalMoney" : 863968.52
        },
        {
                "_id" : "MWK",
                "totalMoney" : 352427.32
        },
        {
                "_id" : "UZS",
                "totalMoney" : 1325380.6
        },
        {
                "_id" : "ZMW",
                "totalMoney" : 643762.12
        },
        {
                "_id" : "BMD",
                "totalMoney" : 20756
        },
        {
                "_id" : "USD",
                "totalMoney" : 16415221.52
        },
        {
                "_id" : "VND",
                "totalMoney" : 5605820.7
        },
        {
                "_id" : "LBP",
                "totalMoney" : 173304.24
        },
        {
                "_id" : "HRK",
                "totalMoney" : 2767860.82
        },
        {
                "_id" : "SCR",
                "totalMoney" : 59190.32
        },
        {
                "_id" : "STD",
                "totalMoney" : 19417.44
        },
        {
                "_id" : "CDF",
                "totalMoney" : 712389.48
        },
        {
                "_id" : "ETB",
                "totalMoney" : 1082567.46
        },
        {
                "_id" : "PHP",
                "totalMoney" : 33025045.01
        },
        {
                "_id" : "XAF",
                "totalMoney" : 2963257.88
        },
        {
                "_id" : "ILS",
                "totalMoney" : 3042586.88
        },
        {
                "_id" : "DOP",
                "totalMoney" : 2141018.52
        },
        {
                "_id" : "UGX",
                "totalMoney" : 1380813
        },
        {
                "_id" : "PGK",
                "totalMoney" : 245781.08000000002
        },
        {
                "_id" : "THB",
                "totalMoney" : 8356116.81
        },
        {
                "_id" : "CAD",
                "totalMoney" : 7917883.12
        },
        {
                "_id" : "PKR",
                "totalMoney" : 2751082.2
        },
        {
                "_id" : "PEN",
                "totalMoney" : 9451404.05
        },
        {
                "_id" : "BIF",
                "totalMoney" : 183129.32
        },
        {
                "_id" : "CVE",
                "totalMoney" : 186154.04
        },
        {
                "_id" : "GTQ",
                "totalMoney" : 2362864.64
        },
        {
                "_id" : "LYD",
                "totalMoney" : 790182.6
        },
        {
                "_id" : "KRW",
                "totalMoney" : 1747229.77
        },
        {
                "_id" : "PYG",
                "totalMoney" : 1151034.07
        },
        {
                "_id" : "BBD",
                "totalMoney" : 106882
        },
        {
                "_id" : "MGA",
                "totalMoney" : 1515373.77
        },
        {
                "_id" : "ARS",
                "totalMoney" : 7788611.89
        },
        {
                "_id" : "KYD",
                "totalMoney" : 67238.64
        },
        {
                "_id" : "YER",
                "totalMoney" : 2334629.52
        },
        {
                "_id" : "CUP",
                "totalMoney" : 2061145.73
        },
        {
                "_id" : "SAR",
                "totalMoney" : 646824
        },
        {
                "_id" : "MRO",
                "totalMoney" : 187531.13
        },
        {
                "_id" : "XOF",
                "totalMoney" : 3746242.13
        },
        {
                "_id" : "VUV",
                "totalMoney" : 92755.72
        },
        {
                "_id" : "SDG",
                "totalMoney" : 516602.81
        },
        {
                "_id" : "QAR",
                "totalMoney" : 145435.68
        },
        {
                "_id" : "XPF",
                "totalMoney" : 531704.04
        },
        {
                "_id" : "BGN",
                "totalMoney" : 1992174.01
        },
        {
                "_id" : "TJS",
                "totalMoney" : 709604.2
        },
        {
                "_id" : "SOS",
                "totalMoney" : 328813.92
        },
        {
                "_id" : "KHR",
                "totalMoney" : 401790.32
        },
        {
                "_id" : "DKK",
                "totalMoney" : 893127.16
        },
        {
                "_id" : "MKD",
                "totalMoney" : 1757685.92
        },
        {
                "_id" : "CRC",
                "totalMoney" : 1338176.24
        },
        {
                "_id" : "SRD",
                "totalMoney" : 78747.08
        },
        {
                "_id" : "HUF",
                "totalMoney" : 660768.64
        },
        {
                "_id" : "UAH",
                "totalMoney" : 10049443.06
        },
        {
                "_id" : "HKD",
                "totalMoney" : 92092.08
        },
        {
                "_id" : "SZL",
                "totalMoney" : 236452.36000000002
        },
        {
                "_id" : "RSD",
                "totalMoney" : 3274329.92
        },
        {
                "_id" : "KWD",
                "totalMoney" : 336020.06
        },
        {
                "_id" : "GHS",
                "totalMoney" : 332636.2
        },
        {
                "_id" : "WST",
                "totalMoney" : 122958.56
        },
        {
                "_id" : "SLL",
                "totalMoney" : 464899.6
        },
        {
                "_id" : "INR",
                "totalMoney" : 96691.76000000001
        },
        {
                "_id" : "CZK",
                "totalMoney" : 10601356.22
        },
        {
                "_id" : "KES",
                "totalMoney" : 1082885.59
        },
        {
                "_id" : "PLN",
                "totalMoney" : 20324725.29
        },
        {
                "_id" : "TTD",
                "totalMoney" : 176179.56
        },
        {
                "_id" : "IQD",
                "totalMoney" : 670127.28
        },
        {
                "_id" : "EUR",
                "totalMoney" : 67013786.97
        },
        {
                "_id" : "AWG",
                "totalMoney" : 29130.92
        },
        {
                "_id" : "BRL",
                "totalMoney" : 22506216.76
        },
        {
                "_id" : "NZD",
                "totalMoney" : 1371175.6
        },
        {
                "_id" : "TRY",
                "totalMoney" : 73658.12
        },
        {
                "_id" : "GNF",
                "totalMoney" : 292889.92
        },
        {
                "_id" : "GEL",
                "totalMoney" : 629107.84
        },
        {
                "_id" : "DZD",
                "totalMoney" : 48664.8
        },
        {
                "_id" : "MDL",
                "totalMoney" : 693274.92
        },
        {
                "_id" : "CHF",
                "totalMoney" : 435762.56
        },
        {
                "_id" : "MNT",
                "totalMoney" : 2564839.86
        },
        {
                "_id" : "NIO",
                "totalMoney" : 985368.7
        },
        {
                "_id" : "SSP",
                "totalMoney" : 169026.12
        },
        {
                "_id" : "KZT",
                "totalMoney" : 2356673.97
        },
        {
                "_id" : "TOP",
                "totalMoney" : 73697.88
        },
        {
                "_id" : "BTN",
                "totalMoney" : 150844.32
        },
        {
                "_id" : "DJF",
                "totalMoney" : 58937.08
        },
        {
                "_id" : "RON",
                "totalMoney" : 46230.4
        },
        {
                "_id" : "NGN",
                "totalMoney" : 5147666.37
        },
        {
                "_id" : "RWF",
                "totalMoney" : 173199.84
        },
        {
                "_id" : "IRR",
                "totalMoney" : 3217588.2
        },
        {
                "_id" : "LRD",
                "totalMoney" : 219533.8
        },
        {
                "_id" : "SEK",
                "totalMoney" : 14857242.6
        },
        {
                "_id" : "AMD",
                "totalMoney" : 2437127.18
        },
        {
                "_id" : "CNY",
                "totalMoney" : 110052770.14
        },
        {
                "_id" : "NAD",
                "totalMoney" : 221681.36000000002
        },
        {
                "_id" : "BDT",
                "totalMoney" : 1179373.52
        },
        {
                "_id" : "BWP",
                "totalMoney" : 587888.16
        },
        {
                "_id" : "MYR",
                "totalMoney" : 2671579.4
        },
        {
                "_id" : "LTL",
                "totalMoney" : 892764.85
        },
        {
                "_id" : "NPR",
                "totalMoney" : 586426.6
        },
        {
                "_id" : "BHD",
                "totalMoney" : 90793.84
        },
        {
                "_id" : "LSL",
                "totalMoney" : 105076.28
        },
        {
                "_id" : "HNL",
                "totalMoney" : 3270780.96
        },
        {
                "_id" : "BAM",
                "totalMoney" : 1663861.88
        },
        {
                "_id" : "UYU",
                "totalMoney" : 933704.09
        },
        {
                "_id" : "AOA",
                "totalMoney" : 270331.2
        },
        {
                "_id" : "MVR",
                "totalMoney" : 128275.40000000001
        },
        {
                "_id" : "VEF",
                "totalMoney" : 2525466.3
        },
        {
                "_id" : "FKP",
                "totalMoney" : 20475.88
        },
        {
                "_id" : "SYP",
                "totalMoney" : 2016027.32
        },
        {
                "_id" : "GYD",
                "totalMoney" : 52214
        },
        {
                "_id" : "FJD",
                "totalMoney" : 37285.72
        },
        {
                "_id" : "ERN",
                "totalMoney" : 86393.88
        },
        {
                "_id" : "TMT",
                "totalMoney" : 452398.48
        },
        {
                "_id" : "LAK",
                "totalMoney" : 345220.2
        },
        {
                "_id" : "BYR",
                "totalMoney" : 2752523.37
        },
        {
                "_id" : "GBP",
                "totalMoney" : 974051.44
        },
        {
                "_id" : "ALL",
                "totalMoney" : 2610660.2399999998
        },
        {
                "_id" : "SBD",
                "totalMoney" : 39932
        },
        {
                "_id" : "CLP",
                "totalMoney" : 1569818.39
        },
        {
                "_id" : "JOD",
                "totalMoney" : 846432.11
        },
        {
                "_id" : "LKR",
                "totalMoney" : 900445.5599999999
        },
        {
                "_id" : "SGD",
                "totalMoney" : 51281.92
        },
        {
                "_id" : "MXN",
                "totalMoney" : 6211301.17
        },
        {
                "_id" : "MUR",
                "totalMoney" : 728521.92
        },
        {
                "_id" : "TWD",
                "totalMoney" : 150616
        },
        {
                "_id" : "ZAR",
                "totalMoney" : 3745113.82
        },
        {
                "_id" : "BZD",
                "totalMoney" : 100632.52
        },
        {
                "_id" : "RUB",
                "totalMoney" : 34245584.54
        },
        {
                "_id" : "MZN",
                "totalMoney" : 368274.56
        },
        {
                "_id" : "JMD",
                "totalMoney" : 805790.84
        },
        {
                "_id" : "KMF",
                "totalMoney" : 552018.8
        },
        {
                "_id" : "IDR",
                "totalMoney" : 62663057
        },
        {
                "_id" : "OMR",
                "totalMoney" : 348032.32
        },
        {
                "_id" : "ZWL",
                "totalMoney" : 576880.16
        },
        {
                "_id" : "ANG",
                "totalMoney" : 85417.56
        },
        {
                "_id" : "XCD",
                "totalMoney" : 672600.04
        },
        {
                "_id" : "MMK",
                "totalMoney" : 896632.45
        },
        {
                "_id" : "KPW",
                "totalMoney" : 895457.9
        },
        {
                "_id" : "BSD",
                "totalMoney" : 221445.56
        },
        {
                "_id" : "TZS",
                "totalMoney" : 2428621.49
        },
        {
                "_id" : "BND",
                "totalMoney" : 31130.64
        },
        {
                "_id" : "AFN",
                "totalMoney" : 2663429.82
        },
        {
                "_id" : "AED",
                "totalMoney" : 211893.32
        },
        {
                "_id" : "MOP",
                "totalMoney" : 21351.08
        },
        {
                "_id" : "MAD",
                "totalMoney" : 2049072.39
        },
        {
                "_id" : "EGP",
                "totalMoney" : 2123172.7
        },
        {
                "_id" : "AZN",
                "totalMoney" : 1588497.24
        }
]