[
        {
                "_id" : "Kazakhstan",
                "avgBMI" : 25.872296835537167,
                "minBMI" : 16.8070799358325,
                "maxBMI" : 36.896740125150984
        },
        {
                "_id" : "Czech Republic",
                "avgBMI" : 25.21972289128845,
                "minBMI" : 15.668304358780548,
                "maxBMI" : 33.15190133598319
        },
        {
                "_id" : "Saudi Arabia",
                "avgBMI" : 25.676484975670657,
                "minBMI" : 19.971991294865283,
                "maxBMI" : 32.095388696280175
        },
        {
                "_id" : "Mexico",
                "avgBMI" : 25.45164225443289,
                "minBMI" : 17.298446794148454,
                "maxBMI" : 36.2708751496718
        },
        {
                "_id" : "North Korea",
                "avgBMI" : 26.205146023322587,
                "minBMI" : 20.924212172010197,
                "maxBMI" : 30.614290364070985
        },
        {
                "_id" : "Kenya",
                "avgBMI" : 25.84497767923738,
                "minBMI" : 21.963094173998595,
                "maxBMI" : 32.415973001368904
        },
        {
                "_id" : "Tajikistan",
                "avgBMI" : 24.961843320223544,
                "minBMI" : 19.990278828313503,
                "maxBMI" : 31.132650605821127
        },
        {
                "_id" : "Afghanistan",
                "avgBMI" : 24.99644416841137,
                "minBMI" : 17.09902396818706,
                "maxBMI" : 31.680724277814612
        },
        {
                "_id" : "Indonesia",
                "avgBMI" : 25.46892879799846,
                "minBMI" : 14.752916025545577,
                "maxBMI" : 45.22548881143321
        },
        {
                "_id" : "Finland",
                "avgBMI" : 25.62844713976524,
                "minBMI" : 18.313044445355132,
                "maxBMI" : 36.88879211052598
        },
        {
                "_id" : "Marshall Islands",
                "avgBMI" : 24.4362224388107,
                "minBMI" : 22.403515045781823,
                "maxBMI" : 26.899880561973735
        },
        {
                "_id" : "Botswana",
                "avgBMI" : 24.501111387298376,
                "minBMI" : 17.209620064111167,
                "maxBMI" : 27.18178743838766
        },
        {
                "_id" : "Tanzania",
                "avgBMI" : 26.129012912473062,
                "minBMI" : 17.23592052068185,
                "maxBMI" : 34.9992957297564
        },
        {
                "_id" : "Uruguay",
                "avgBMI" : 25.32476196226835,
                "minBMI" : 20.368800960879323,
                "maxBMI" : 34.361426322308105
        },
        {
                "_id" : "Guinea-Bissau",
                "avgBMI" : 24.42720412339052,
                "minBMI" : 23.28512818429207,
                "maxBMI" : 26.54403588086242
        },
        {
                "_id" : "Iran",
                "avgBMI" : 25.852744467464767,
                "minBMI" : 18.237996217377763,
                "maxBMI" : 37.98020856315509
        },
        {
                "_id" : "Nicaragua",
                "avgBMI" : 24.116389281043432,
                "minBMI" : 19.7754882642013,
                "maxBMI" : 30.0372110793386
        },
        {
                "_id" : "Sudan",
                "avgBMI" : 24.951753358198896,
                "minBMI" : 22.77184895818426,
                "maxBMI" : 26.388338263210727
        },
        {
                "_id" : "Brunei",
                "avgBMI" : 25.02697259105827,
                "minBMI" : 25.02697259105827,
                "maxBMI" : 25.02697259105827
        },
        {
                "_id" : "Martinique",
                "avgBMI" : 24.025383631333913,
                "minBMI" : 24.025383631333913,
                "maxBMI" : 24.025383631333913
        },
        {
                "_id" : "Honduras",
                "avgBMI" : 25.48034274333803,
                "minBMI" : 18.483295476526518,
                "maxBMI" : 35.22066445474855
        },
        {
                "_id" : "Croatia",
                "avgBMI" : 24.859825049169952,
                "minBMI" : 18.791459338166646,
                "maxBMI" : 38.54454850434303
        },
        {
                "_id" : "Albania",
                "avgBMI" : 24.708938287604877,
                "minBMI" : 18.995343497963386,
                "maxBMI" : 31.98582559382973
        },
        {
                "_id" : "Denmark",
                "avgBMI" : 23.570666794473013,
                "minBMI" : 21.08473436367003,
                "maxBMI" : 27.824860598421296
        },
        {
                "_id" : "Jamaica",
                "avgBMI" : 24.93149892025034,
                "minBMI" : 22.275369146558596,
                "maxBMI" : 28.975717835121532
        },
        {
                "_id" : "Greenland",
                "avgBMI" : 25.87231726224435,
                "minBMI" : 25.87231726224435,
                "maxBMI" : 25.87231726224435
        },
        {
                "_id" : "South Sudan",
                "avgBMI" : 25.958795187276632,
                "minBMI" : 25.958795187276632,
                "maxBMI" : 25.958795187276632
        },
        {
                "_id" : "Canada",
                "avgBMI" : 25.480741379094532,
                "minBMI" : 16.408314613251758,
                "maxBMI" : 33.61303753837222
        },
        {
                "_id" : "Turkmenistan",
                "avgBMI" : 26.074693406233422,
                "minBMI" : 21.536036875349122,
                "maxBMI" : 30.263793694794966
        },
        {
                "_id" : "Libya",
                "avgBMI" : 27.27409420047267,
                "minBMI" : 21.42742372829579,
                "maxBMI" : 35.14959498858504
        },
        {
                "_id" : "Burundi",
                "avgBMI" : 25.64831294896216,
                "minBMI" : 23.41760581267604,
                "maxBMI" : 28.50245013159454
        },
        {
                "_id" : "Maldives",
                "avgBMI" : 25.389870790829356,
                "minBMI" : 23.654619429922963,
                "maxBMI" : 28.25830239759801
        },
        {
                "_id" : "Guatemala",
                "avgBMI" : 25.705395328042194,
                "minBMI" : 19.619608992088942,
                "maxBMI" : 32.13075314700059
        },
        {
                "_id" : "Mauritius",
                "avgBMI" : 25.493607821171015,
                "minBMI" : 19.225308641975307,
                "maxBMI" : 38.86342108446306
        },
        {
                "_id" : "Laos",
                "avgBMI" : 24.706560500173143,
                "minBMI" : 20.414405907869938,
                "maxBMI" : 28.47054793500705
        },
        {
                "_id" : "Mongolia",
                "avgBMI" : 24.007152640345954,
                "minBMI" : 19.12334810050309,
                "maxBMI" : 31.47600262984878
        },
        {
                "_id" : "Uzbekistan",
                "avgBMI" : 25.895086720586505,
                "minBMI" : 19.78219777101565,
                "maxBMI" : 32.30460851219658
        },
        {
                "_id" : "Netherlands",
                "avgBMI" : 26.02467655953886,
                "minBMI" : 19.37514915181097,
                "maxBMI" : 34.91379070141339
        },
        {
                "_id" : "Belarus",
                "avgBMI" : 25.469679075687,
                "minBMI" : 17.86291107456045,
                "maxBMI" : 33.93864732017481
        },
        {
                "_id" : "Puerto Rico",
                "avgBMI" : 25.262349688052414,
                "minBMI" : 22.624807178343218,
                "maxBMI" : 27.28341528253193
        },
        {
                "_id" : "Northern Mariana Islands",
                "avgBMI" : 25.912320610983855,
                "minBMI" : 25.912320610983855,
                "maxBMI" : 25.912320610983855
        },
        {
                "_id" : "Philippines",
                "avgBMI" : 25.18625526338682,
                "minBMI" : 15.783361633607486,
                "maxBMI" : 40.14921877820496
        },
        {
                "_id" : "Poland",
                "avgBMI" : 25.27214247478549,
                "minBMI" : 16.79139666621858,
                "maxBMI" : 36.71954280831063
        },
        {
                "_id" : "Italy",
                "avgBMI" : 25.224448562759804,
                "minBMI" : 18.626656995429222,
                "maxBMI" : 31.28284127929142
        },
        {
                "_id" : "Chad",
                "avgBMI" : 25.90576302097001,
                "minBMI" : 19.379712122869797,
                "maxBMI" : 32.14867661954464
        },
        {
                "_id" : "Monaco",
                "avgBMI" : 28.9279758282314,
                "minBMI" : 28.9279758282314,
                "maxBMI" : 28.9279758282314
        },
        {
                "_id" : "Somalia",
                "avgBMI" : 29.953705951906365,
                "minBMI" : 29.953705951906365,
                "maxBMI" : 29.953705951906365
        },
        {
                "_id" : "Micronesia",
                "avgBMI" : 23.307344877130703,
                "minBMI" : 20.483583148077006,
                "maxBMI" : 25.24886656617766
        },
        {
                "_id" : "Germany",
                "avgBMI" : 24.503737946612617,
                "minBMI" : 16.779702545176814,
                "maxBMI" : 32.56393192452176
        },
        {
                "_id" : "Haiti",
                "avgBMI" : 25.88872816184549,
                "minBMI" : 18.63873039318409,
                "maxBMI" : 34.706505929936306
        },
        {
                "_id" : "South Africa",
                "avgBMI" : 25.864994700042747,
                "minBMI" : 17.33504330126283,
                "maxBMI" : 40.54150514193364
        },
        {
                "_id" : "Benin",
                "avgBMI" : 25.77836456996179,
                "minBMI" : 21.326707132619113,
                "maxBMI" : 30.296481888973993
        },
        {
                "_id" : "Russia",
                "avgBMI" : 25.36678087383189,
                "minBMI" : 15.959050973980357,
                "maxBMI" : 39.88445766499928
        },
        {
                "_id" : "Aland Islands",
                "avgBMI" : 28.16261648965891,
                "minBMI" : 22.422508995430604,
                "maxBMI" : 33.92911214898956
        },
        {
                "_id" : "Guam",
                "avgBMI" : 22.450193658121716,
                "minBMI" : 20.673090321864905,
                "maxBMI" : 24.012673635721274
        },
        {
                "_id" : "Moldova",
                "avgBMI" : 25.57295819429361,
                "minBMI" : 19.688381123290277,
                "maxBMI" : 32.56715420989366
        },
        {
                "_id" : "Lesotho",
                "avgBMI" : 25.35989698056186,
                "minBMI" : 19.804653958825412,
                "maxBMI" : 30.164460328890495
        },
        {
                "_id" : "Ivory Coast",
                "avgBMI" : 26.739162218304372,
                "minBMI" : 20.497202679469442,
                "maxBMI" : 35.26565858224913
        },
        {
                "_id" : "El Salvador",
                "avgBMI" : 25.348361001442797,
                "minBMI" : 21.92582816065902,
                "maxBMI" : 33.56299576484531
        },
        {
                "_id" : "Macao",
                "avgBMI" : 23.98847768982694,
                "minBMI" : 23.98847768982694,
                "maxBMI" : 23.98847768982694
        },
        {
                "_id" : "Peru",
                "avgBMI" : 25.259897824284756,
                "minBMI" : 17.806002361986923,
                "maxBMI" : 36.36334544992972
        },
        {
                "_id" : "Comoros",
                "avgBMI" : 25.43904303433795,
                "minBMI" : 19.73678859401531,
                "maxBMI" : 33.86465840113391
        },
        {
                "_id" : "Ethiopia",
                "avgBMI" : 25.47396595279003,
                "minBMI" : 20.55367285745029,
                "maxBMI" : 32.85411863239378
        },
        {
                "_id" : "Lithuania",
                "avgBMI" : 24.414208345235185,
                "minBMI" : 19.68833974966633,
                "maxBMI" : 30.887830005968027
        },
        {
                "_id" : "Qatar",
                "avgBMI" : 25.750482706734886,
                "minBMI" : 21.90167438399709,
                "maxBMI" : 29.599291029472685
        },
        {
                "_id" : "Saint Lucia",
                "avgBMI" : 23.007900513203566,
                "minBMI" : 20.263359356035604,
                "maxBMI" : 27.57036153167093
        },
        {
                "_id" : "Guyana",
                "avgBMI" : 26.155629974879574,
                "minBMI" : 24.096889211890876,
                "maxBMI" : 28.21437073786827
        },
        {
                "_id" : "Bhutan",
                "avgBMI" : 24.056604894582005,
                "minBMI" : 19.41885638320743,
                "maxBMI" : 31.35770002294631
        },
        {
                "_id" : "Republic of the Congo",
                "avgBMI" : 25.559867696319753,
                "minBMI" : 17.66140782350201,
                "maxBMI" : 30.40321009942462
        },
        {
                "_id" : "French Guiana",
                "avgBMI" : 25.591509763617097,
                "minBMI" : 22.271800501837582,
                "maxBMI" : 28.91121902539661
        },
        {
                "_id" : "Ireland",
                "avgBMI" : 25.94602693286139,
                "minBMI" : 17.753180049744596,
                "maxBMI" : 33.51950090390849
        },
        {
                "_id" : "Malaysia",
                "avgBMI" : 25.61238899059476,
                "minBMI" : 18.54461856797744,
                "maxBMI" : 36.53428355033911
        },
        {
                "_id" : "Greece",
                "avgBMI" : 25.74341037298001,
                "minBMI" : 18.2408247665103,
                "maxBMI" : 41.52589808442401
        },
        {
                "_id" : "Cambodia",
                "avgBMI" : 26.990886955820983,
                "minBMI" : 17.556863214141693,
                "maxBMI" : 33.32850035102713
        },
        {
                "_id" : "Azerbaijan",
                "avgBMI" : 25.953521178074688,
                "minBMI" : 18.770569815679924,
                "maxBMI" : 36.93348217200575
        },
        {
                "_id" : "Thailand",
                "avgBMI" : 25.673478291915956,
                "minBMI" : 18.181717342474403,
                "maxBMI" : 35.590560182726435
        },
        {
                "_id" : "France",
                "avgBMI" : 25.191651466576644,
                "minBMI" : 14.89181034611511,
                "maxBMI" : 40.68709814176658
        },
        {
                "_id" : "Mozambique",
                "avgBMI" : 25.56294360884168,
                "minBMI" : 22.800359685650264,
                "maxBMI" : 29.44789535394624
        },
        {
                "_id" : "Cape Verde",
                "avgBMI" : 25.33466174988547,
                "minBMI" : 19.20724222151505,
                "maxBMI" : 35.04527266278727
        },
        {
                "_id" : "Liberia",
                "avgBMI" : 25.901546538832037,
                "minBMI" : 22.64819265750957,
                "maxBMI" : 29.63330910128883
        },
        {
                "_id" : "Switzerland",
                "avgBMI" : 25.70946937867775,
                "minBMI" : 20.192102704387423,
                "maxBMI" : 31.153535521833074
        },
        {
                "_id" : "Senegal",
                "avgBMI" : 23.415570863855162,
                "minBMI" : 21.10083404913989,
                "maxBMI" : 26.591448446940536
        },
        {
                "_id" : "Andorra",
                "avgBMI" : 28.172283654749506,
                "minBMI" : 25.692486527991623,
                "maxBMI" : 30.65208078150739
        },
        {
                "_id" : "Saint Kitts and Nevis",
                "avgBMI" : 27.801128935139957,
                "minBMI" : 25.181373219019413,
                "maxBMI" : 30.06261206327215
        },
        {
                "_id" : "Myanmar",
                "avgBMI" : 25.964386191009897,
                "minBMI" : 20.99743660839639,
                "maxBMI" : 31.448459395139455
        },
        {
                "_id" : "Gambia",
                "avgBMI" : 23.773405222453228,
                "minBMI" : 17.84046677774891,
                "maxBMI" : 29.041518380755527
        },
        {
                "_id" : "Swaziland",
                "avgBMI" : 20.902625563889615,
                "minBMI" : 20.902625563889615,
                "maxBMI" : 20.902625563889615
        },
        {
                "_id" : "American Samoa",
                "avgBMI" : 22.398336918076584,
                "minBMI" : 22.398336918076584,
                "maxBMI" : 22.398336918076584
        },
        {
                "_id" : "Norway",
                "avgBMI" : 27.012053304746868,
                "minBMI" : 19.602504292612466,
                "maxBMI" : 35.1671816861818
        },
        {
                "_id" : "Nigeria",
                "avgBMI" : 24.802388203011215,
                "minBMI" : 16.860335772659226,
                "maxBMI" : 36.16277887197436
        },
        {
                "_id" : "Luxembourg",
                "avgBMI" : 26.311128380021454,
                "minBMI" : 19.267057864459574,
                "maxBMI" : 33.21935122648016
        },
        {
                "_id" : "China",
                "avgBMI" : 25.562180561125718,
                "minBMI" : 15.457567797405272,
                "maxBMI" : 42.36228470295768
        },
        {
                "_id" : "Kuwait",
                "avgBMI" : 25.231665011916373,
                "minBMI" : 22.43979747671335,
                "maxBMI" : 27.184318738806667
        },
        {
                "_id" : "Kosovo",
                "avgBMI" : 24.13095183240382,
                "minBMI" : 19.254012570630334,
                "maxBMI" : 29.624326587170813
        },
        {
                "_id" : "Macedonia",
                "avgBMI" : 25.169543167338254,
                "minBMI" : 20.495052187246902,
                "maxBMI" : 32.52569417786054
        },
        {
                "_id" : "Papua New Guinea",
                "avgBMI" : 24.213264087002067,
                "minBMI" : 19.859417039821555,
                "maxBMI" : 26.903589650913545
        },
        {
                "_id" : "Sint Maarten",
                "avgBMI" : 23.16078482034497,
                "minBMI" : 22.218504166585912,
                "maxBMI" : 24.103065474104024
        },
        {
                "_id" : "Yemen",
                "avgBMI" : 25.520741902141804,
                "minBMI" : 20.910656892847584,
                "maxBMI" : 34.85489627858924
        },
        {
                "_id" : "Algeria",
                "avgBMI" : 28.594463853802747,
                "minBMI" : 28.594463853802747,
                "maxBMI" : 28.594463853802747
        },
        {
                "_id" : "Bosnia and Herzegovina",
                "avgBMI" : 25.418629730315736,
                "minBMI" : 16.930664311421886,
                "maxBMI" : 35.97395007994128
        },
        {
                "_id" : "New Caledonia",
                "avgBMI" : 25.50588178834554,
                "minBMI" : 24.07180767559938,
                "maxBMI" : 26.939955901091704
        },
        {
                "_id" : "Suriname",
                "avgBMI" : 30.38931494743512,
                "minBMI" : 30.38931494743512,
                "maxBMI" : 30.38931494743512
        },
        {
                "_id" : "South Korea",
                "avgBMI" : 24.639723822791744,
                "minBMI" : 17.724971165813702,
                "maxBMI" : 31.35384445026281
        },
        {
                "_id" : "Tonga",
                "avgBMI" : 23.8293086776095,
                "minBMI" : 23.8293086776095,
                "maxBMI" : 23.8293086776095
        },
        {
                "_id" : "Uganda",
                "avgBMI" : 25.799926326819378,
                "minBMI" : 20.58589719317205,
                "maxBMI" : 33.245708734909755
        },
        {
                "_id" : "Tunisia",
                "avgBMI" : 24.089242891939275,
                "minBMI" : 17.900338466793517,
                "maxBMI" : 30.378661433345993
        },
        {
                "_id" : "Lebanon",
                "avgBMI" : 27.50900155800487,
                "minBMI" : 22.696782965005376,
                "maxBMI" : 32.444431072334524
        },
        {
                "_id" : "Equatorial Guinea",
                "avgBMI" : 24.784158605052227,
                "minBMI" : 24.784158605052227,
                "maxBMI" : 24.784158605052227
        },
        {
                "_id" : "Jordan",
                "avgBMI" : 26.359731303461135,
                "minBMI" : 17.289044939043503,
                "maxBMI" : 32.353159768034715
        },
        {
                "_id" : "Palau",
                "avgBMI" : 29.619032693868498,
                "minBMI" : 29.238705428689137,
                "maxBMI" : 29.99935995904786
        },
        {
                "_id" : "Japan",
                "avgBMI" : 25.288979118123063,
                "minBMI" : 18.90452276508069,
                "maxBMI" : 37.208271542614156
        },
        {
                "_id" : "Trinidad and Tobago",
                "avgBMI" : 27.598645704582985,
                "minBMI" : 22.714055076873127,
                "maxBMI" : 31.519844903401175
        },
        {
                "_id" : "Palestinian Territory",
                "avgBMI" : 25.51977107836518,
                "minBMI" : 19.179525110549182,
                "maxBMI" : 35.54150728191122
        },
        {
                "_id" : "Togo",
                "avgBMI" : 23.268539811569163,
                "minBMI" : 21.483089176370907,
                "maxBMI" : 24.559999693631624
        },
        {
                "_id" : "Malawi",
                "avgBMI" : 27.299142700133018,
                "minBMI" : 23.29026327914253,
                "maxBMI" : 30.498934041274012
        },
        {
                "_id" : "Sri Lanka",
                "avgBMI" : 24.576523965721474,
                "minBMI" : 20.744421581687575,
                "maxBMI" : 28.60361966419167
        },
        {
                "_id" : "French Polynesia",
                "avgBMI" : 25.351408860541465,
                "minBMI" : 20.299688460981415,
                "maxBMI" : 28.539227949185673
        },
        {
                "_id" : "Sierra Leone",
                "avgBMI" : 25.11304222749876,
                "minBMI" : 19.49887642053163,
                "maxBMI" : 33.448269454681686
        },
        {
                "_id" : "Burkina Faso",
                "avgBMI" : 27.581473331497783,
                "minBMI" : 19.874924416260065,
                "maxBMI" : 39.84736448162324
        },
        {
                "_id" : "Western Sahara",
                "avgBMI" : 22.75109226188259,
                "minBMI" : 22.75109226188259,
                "maxBMI" : 22.75109226188259
        },
        {
                "_id" : "New Zealand",
                "avgBMI" : 25.359794144919384,
                "minBMI" : 20.015037796508505,
                "maxBMI" : 33.708938690778766
        },
        {
                "_id" : "Seychelles",
                "avgBMI" : 25.710551755136727,
                "minBMI" : 25.710551755136727,
                "maxBMI" : 25.710551755136727
        },
        {
                "_id" : "Guadeloupe",
                "avgBMI" : 21.487491562132,
                "minBMI" : 19.1723096007283,
                "maxBMI" : 22.066287052482927
        },
        {
                "_id" : "Latvia",
                "avgBMI" : 26.634771177397017,
                "minBMI" : 18.435535988693054,
                "maxBMI" : 32.88731053562053
        },
        {
                "_id" : "Bulgaria",
                "avgBMI" : 24.512505482184825,
                "minBMI" : 18.415763633181026,
                "maxBMI" : 32.5985033633058
        },
        {
                "_id" : "Pakistan",
                "avgBMI" : 25.02816349688192,
                "minBMI" : 17.507302336811122,
                "maxBMI" : 35.54144749573527
        },
        {
                "_id" : "Syria",
                "avgBMI" : 25.379241567006584,
                "minBMI" : 18.668899303500158,
                "maxBMI" : 36.4017489356862
        },
        {
                "_id" : "East Timor",
                "avgBMI" : 25.827978752662307,
                "minBMI" : 21.52514539442196,
                "maxBMI" : 32.7295665335962
        },
        {
                "_id" : "Bolivia",
                "avgBMI" : 25.291606754307583,
                "minBMI" : 20.461244736382792,
                "maxBMI" : 32.04862302606189
        },
        {
                "_id" : "Dominica",
                "avgBMI" : 26.42147612552151,
                "minBMI" : 26.42147612552151,
                "maxBMI" : 26.42147612552151
        },
        {
                "_id" : "Panama",
                "avgBMI" : 24.992264629881035,
                "minBMI" : 20.497034879989776,
                "maxBMI" : 33.204916913317156
        },
        {
                "_id" : "Ghana",
                "avgBMI" : 25.673419776317008,
                "minBMI" : 19.513811851275083,
                "maxBMI" : 32.50433727787583
        },
        {
                "_id" : "Ecuador",
                "avgBMI" : 25.66255028757021,
                "minBMI" : 19.837789435759387,
                "maxBMI" : 31.540757595400457
        },
        {
                "_id" : "Vietnam",
                "avgBMI" : 25.005389067756248,
                "minBMI" : 16.588074623788906,
                "maxBMI" : 32.97072894443237
        },
        {
                "_id" : "Iraq",
                "avgBMI" : 24.097732336776872,
                "minBMI" : 17.811382149213077,
                "maxBMI" : 33.23798843565602
        },
        {
                "_id" : "Brazil",
                "avgBMI" : 25.601910304147367,
                "minBMI" : 17.455901881799917,
                "maxBMI" : 40.629137270681994
        },
        {
                "_id" : "Guinea",
                "avgBMI" : 27.9142215967982,
                "minBMI" : 20.460478773371793,
                "maxBMI" : 34.462128538412365
        },
        {
                "_id" : "Iceland",
                "avgBMI" : 25.59095093253576,
                "minBMI" : 22.674667319714626,
                "maxBMI" : 30.14738226195103
        },
        {
                "_id" : "Vanuatu",
                "avgBMI" : 24.697548912916897,
                "minBMI" : 23.049311522774556,
                "maxBMI" : 27.20784148023659
        },
        {
                "_id" : "Cameroon",
                "avgBMI" : 24.6366953354223,
                "minBMI" : 19.681646953380184,
                "maxBMI" : 33.171539196923106
        },
        {
                "_id" : "Israel",
                "avgBMI" : 25.35139595051896,
                "minBMI" : 16.525549024295877,
                "maxBMI" : 30.14483568029636
        },
        {
                "_id" : "Mauritania",
                "avgBMI" : 21.56355023247727,
                "minBMI" : 20.427479249813242,
                "maxBMI" : 22.6996212151413
        },
        {
                "_id" : "Central African Republic",
                "avgBMI" : 23.916787330266967,
                "minBMI" : 19.614899401982278,
                "maxBMI" : 28.954561237220556
        },
        {
                "_id" : "Malta",
                "avgBMI" : 26.169580448971242,
                "minBMI" : 22.120384249306703,
                "maxBMI" : 36.01978908588236
        },
        {
                "_id" : "Montenegro",
                "avgBMI" : 24.00617071684226,
                "minBMI" : 20.73659089443422,
                "maxBMI" : 29.526909667433987
        },
        {
                "_id" : "Reunion",
                "avgBMI" : 26.421775697845288,
                "minBMI" : 18.72890348175829,
                "maxBMI" : 39.16506059010436
        },
        {
                "_id" : "Sweden",
                "avgBMI" : 25.73489008766657,
                "minBMI" : 17.422055894220154,
                "maxBMI" : 40.088590561693096
        },
        {
                "_id" : "Bangladesh",
                "avgBMI" : 26.693456288940414,
                "minBMI" : 19.809821191475773,
                "maxBMI" : 34.06297114172176
        },
        {
                "_id" : "Portugal",
                "avgBMI" : 25.421887619767748,
                "minBMI" : 15.639034707565335,
                "maxBMI" : 39.66789019620169
        },
        {
                "_id" : "Barbados",
                "avgBMI" : 21.343242644513325,
                "minBMI" : 21.343242644513325,
                "maxBMI" : 21.343242644513325
        },
        {
                "_id" : "Colombia",
                "avgBMI" : 25.75630127589578,
                "minBMI" : 17.766168088813238,
                "maxBMI" : 35.4010351305359
        },
        {
                "_id" : "Costa Rica",
                "avgBMI" : 24.650437337200202,
                "minBMI" : 20.494010942211922,
                "maxBMI" : 28.898569613792333
        },
        {
                "_id" : "Cuba",
                "avgBMI" : 26.37919135685751,
                "minBMI" : 18.489462979361967,
                "maxBMI" : 35.42409829567975
        },
        {
                "_id" : "Wallis and Futuna",
                "avgBMI" : 26.38253925838278,
                "minBMI" : 24.33390757821489,
                "maxBMI" : 28.43117093855067
        },
        {
                "_id" : "Turkey",
                "avgBMI" : 22.991591061963124,
                "minBMI" : 22.712340024306464,
                "maxBMI" : 23.218818230827427
        },
        {
                "_id" : "United Arab Emirates",
                "avgBMI" : 26.572025231735637,
                "minBMI" : 23.390978608691807,
                "maxBMI" : 29.753071854779463
        },
        {
                "_id" : "Oman",
                "avgBMI" : 25.688221135833004,
                "minBMI" : 23.599509054084226,
                "maxBMI" : 27.084022161790852
        },
        {
                "_id" : "Paraguay",
                "avgBMI" : 25.118908017345476,
                "minBMI" : 21.194188847738655,
                "maxBMI" : 32.97774797284501
        },
        {
                "_id" : "Zimbabwe",
                "avgBMI" : 26.97591880240733,
                "minBMI" : 22.609825375832813,
                "maxBMI" : 35.12027773402992
        },
        {
                "_id" : "Spain",
                "avgBMI" : 26.172174392961136,
                "minBMI" : 21.71883995935713,
                "maxBMI" : 34.9356602063431
        },
        {
                "_id" : "Democratic Republic of the Congo",
                "avgBMI" : 26.530271205495303,
                "minBMI" : 18.27553140160477,
                "maxBMI" : 33.515401571866754
        },
        {
                "_id" : "Eritrea",
                "avgBMI" : 26.18666676758779,
                "minBMI" : 24.502688749443237,
                "maxBMI" : 28.706187680256324
        },
        {
                "_id" : "Estonia",
                "avgBMI" : 25.542136169318567,
                "minBMI" : 18.560878620789442,
                "maxBMI" : 28.68360155605993
        },
        {
                "_id" : "Venezuela",
                "avgBMI" : 24.87407221247512,
                "minBMI" : 18.86211751235061,
                "maxBMI" : 31.135855490289444
        },
        {
                "_id" : "Niger",
                "avgBMI" : 26.384679570852143,
                "minBMI" : 20.07204296186382,
                "maxBMI" : 30.22683231486928
        },
        {
                "_id" : "Hungary",
                "avgBMI" : 26.31407363405381,
                "minBMI" : 22.357117184320284,
                "maxBMI" : 32.69237888437416
        },
        {
                "_id" : "Georgia",
                "avgBMI" : 24.320295824417713,
                "minBMI" : 19.907789367690288,
                "maxBMI" : 27.6963070482808
        },
        {
                "_id" : "Fiji",
                "avgBMI" : 21.202149695398855,
                "minBMI" : 21.202149695398855,
                "maxBMI" : 21.202149695398855
        },
        {
                "_id" : "Belize",
                "avgBMI" : 23.220039319907464,
                "minBMI" : 18.424047224128543,
                "maxBMI" : 26.22341661344843
        },
        {
                "_id" : "Australia",
                "avgBMI" : 25.195047158310075,
                "minBMI" : 20.65310909810227,
                "maxBMI" : 29.824555993432554
        },
        {
                "_id" : "Nauru",
                "avgBMI" : 22.91236113053845,
                "minBMI" : 22.91236113053845,
                "maxBMI" : 22.91236113053845
        },
        {
                "_id" : "Morocco",
                "avgBMI" : 25.87499924181595,
                "minBMI" : 20.182304322324796,
                "maxBMI" : 32.90604019213787
        },
        {
                "_id" : "Serbia",
                "avgBMI" : 25.759266424853717,
                "minBMI" : 18.75880119586755,
                "maxBMI" : 43.54832804682019
        },
        {
                "_id" : "Belgium",
                "avgBMI" : 26.140778626016402,
                "minBMI" : 20.047926099827215,
                "maxBMI" : 28.997682388567068
        },
        {
                "_id" : "Austria",
                "avgBMI" : 27.93883177972952,
                "minBMI" : 23.01532709975852,
                "maxBMI" : 37.259975846114166
        },
        {
                "_id" : "Zambia",
                "avgBMI" : 25.857875377943596,
                "minBMI" : 20.338719513529025,
                "maxBMI" : 31.44864603504859
        },
        {
                "_id" : "Dominican Republic",
                "avgBMI" : 24.101886543549572,
                "minBMI" : 18.01287119956941,
                "maxBMI" : 30.32549350733766
        },
        {
                "_id" : "Kiribati",
                "avgBMI" : 23.104683336146245,
                "minBMI" : 23.104683336146245,
                "maxBMI" : 23.104683336146245
        },
        {
                "_id" : "Argentina",
                "avgBMI" : 25.663856262298104,
                "minBMI" : 17.58733455568425,
                "maxBMI" : 34.13224063185605
        },
        {
                "_id" : "Rwanda",
                "avgBMI" : 25.960475188853895,
                "minBMI" : 22.834957662274157,
                "maxBMI" : 27.60395919371098
        },
        {
                "_id" : "Hong Kong",
                "avgBMI" : 27.28283221221082,
                "minBMI" : 27.28283221221082,
                "maxBMI" : 27.28283221221082
        },
        {
                "_id" : "Gabon",
                "avgBMI" : 25.657536728265534,
                "minBMI" : 22.266802561601597,
                "maxBMI" : 29.04827089492947
        },
        {
                "_id" : "Namibia",
                "avgBMI" : 26.38069439838169,
                "minBMI" : 19.26580170883617,
                "maxBMI" : 32.28039749878038
        },
        {
                "_id" : "Madagascar",
                "avgBMI" : 24.78315354739493,
                "minBMI" : 17.556666479697988,
                "maxBMI" : 30.189583737327382
        },
        {
                "_id" : "Tuvalu",
                "avgBMI" : 22.60418435695907,
                "minBMI" : 22.60418435695907,
                "maxBMI" : 22.60418435695907
        },
        {
                "_id" : "Bahamas",
                "avgBMI" : 24.994816322414778,
                "minBMI" : 22.243665360172294,
                "maxBMI" : 26.596494551398333
        },
        {
                "_id" : "Chile",
                "avgBMI" : 24.869680560672286,
                "minBMI" : 16.9512916270108,
                "maxBMI" : 29.79885840825515
        },
        {
                "_id" : "United States",
                "avgBMI" : 25.738384317303648,
                "minBMI" : 18.501182435921706,
                "maxBMI" : 36.69514941999169
        },
        {
                "_id" : "Armenia",
                "avgBMI" : 24.941789322543038,
                "minBMI" : 19.17386933002285,
                "maxBMI" : 31.668511004463014
        },
        {
                "_id" : "Egypt",
                "avgBMI" : 24.279172249085583,
                "minBMI" : 17.650429873238075,
                "maxBMI" : 32.033722500448945
        },
        {
                "_id" : "Cyprus",
                "avgBMI" : 25.19379219201182,
                "minBMI" : 22.195141736787935,
                "maxBMI" : 29.825489728395752
        },
        {
                "_id" : "Slovenia",
                "avgBMI" : 25.16700536127213,
                "minBMI" : 17.370385779694157,
                "maxBMI" : 32.66109875399449
        },
        {
                "_id" : "United Kingdom",
                "avgBMI" : 23.785736038981,
                "minBMI" : 19.427928671881645,
                "maxBMI" : 31.903158982438534
        },
        {
                "_id" : "Ukraine",
                "avgBMI" : 25.17611446371089,
                "minBMI" : 16.525546999186044,
                "maxBMI" : 36.84222756372365
        },
        {
                "_id" : "Angola",
                "avgBMI" : 24.17967562103932,
                "minBMI" : 18.362400744093293,
                "maxBMI" : 31.67480491405164
        },
        {
                "_id" : "Kyrgyzstan",
                "avgBMI" : 23.79456317353873,
                "minBMI" : 16.846474930530864,
                "maxBMI" : 34.05576978971841
        },
        {
                "_id" : "Samoa",
                "avgBMI" : 20.54488200453268,
                "minBMI" : 20.54488200453268,
                "maxBMI" : 20.54488200453268
        },
        {
                "_id" : "Slovakia",
                "avgBMI" : 21.338818810983465,
                "minBMI" : 21.338818810983465,
                "maxBMI" : 21.338818810983465
        },
        {
                "_id" : "Mali",
                "avgBMI" : 24.919410302759925,
                "minBMI" : 19.246685556164678,
                "maxBMI" : 31.67016743066081
        },
        {
                "_id" : "Taiwan",
                "avgBMI" : 26.610153474174844,
                "minBMI" : 20.359929764833222,
                "maxBMI" : 31.171391695878288
        },
        {
                "_id" : "Nepal",
                "avgBMI" : 26.43434938647296,
                "minBMI" : 19.748973244733463,
                "maxBMI" : 31.078489717648623
        }
]