[
        {
                "_id" : "CLP",
                "value" : {
                        "allBalance" : 84035.79999999997,
                        "count" : 16,
                        "avgBalance" : 5252.237499999998
                }
        },
        {
                "_id" : "PYG",
                "value" : {
                        "allBalance" : 19498.76,
                        "count" : 4,
                        "avgBalance" : 4874.69
                }
        },
        {
                "_id" : "BYR",
                "value" : {
                        "allBalance" : 20383.16,
                        "count" : 4,
                        "avgBalance" : 5095.79
                }
        },
        {
                "_id" : "GBP",
                "value" : {
                        "allBalance" : 24596.76,
                        "count" : 4,
                        "avgBalance" : 6149.19
                }
        },
        {
                "_id" : "GTQ",
                "value" : {
                        "allBalance" : 23225.2,
                        "count" : 4,
                        "avgBalance" : 5806.3
                }
        },
        {
                "_id" : "VEF",
                "value" : {
                        "allBalance" : 33333.12,
                        "count" : 8,
                        "avgBalance" : 4166.64
                }
        },
        {
                "_id" : "LYD",
                "value" : {
                        "allBalance" : 35059.96,
                        "count" : 8,
                        "avgBalance" : 4382.495
                }
        },
        {
                "_id" : "KRW",
                "value" : {
                        "allBalance" : 53519.28,
                        "count" : 8,
                        "avgBalance" : 6689.91
                }
        },
        {
                "_id" : "CAD",
                "value" : {
                        "allBalance" : 233502.40000000005,
                        "count" : 44,
                        "avgBalance" : 5306.872727272728
                }
        },
        {
                "_id" : "THB",
                "value" : {
                        "allBalance" : 92087.84,
                        "count" : 20,
                        "avgBalance" : 4604.392
                }
        },
        {
                "_id" : "HNL",
                "value" : {
                        "allBalance" : 66058.36,
                        "count" : 12,
                        "avgBalance" : 5504.863333333334
                }
        },
        {
                "_id" : "PEN",
                "value" : {
                        "allBalance" : 79162.16999999998,
                        "count" : 17,
                        "avgBalance" : 4656.598235294116
                }
        },
        {
                "_id" : "PKR",
                "value" : {
                        "allBalance" : 75752,
                        "count" : 16,
                        "avgBalance" : 4734.5
                }
        },
        {
                "_id" : "XAF",
                "value" : {
                        "allBalance" : 56378.64000000001,
                        "count" : 12,
                        "avgBalance" : 4698.22
                }
        },
        {
                "_id" : "DOP",
                "value" : {
                        "allBalance" : 82698.95999999999,
                        "count" : 16,
                        "avgBalance" : 5168.6849999999995
                }
        },
        {
                "_id" : "ILS",
                "value" : {
                        "allBalance" : 65181.95999999999,
                        "count" : 12,
                        "avgBalance" : 5431.829999999999
                }
        },
        {
                "_id" : "NPR",
                "value" : {
                        "allBalance" : 23169.04,
                        "count" : 4,
                        "avgBalance" : 5792.26
                }
        },
        {
                "_id" : "BWP",
                "value" : {
                        "allBalance" : 16305.16,
                        "count" : 4,
                        "avgBalance" : 4076.29
                }
        },
        {
                "_id" : "ETB",
                "value" : {
                        "allBalance" : 21744.44,
                        "count" : 4,
                        "avgBalance" : 5436.11
                }
        },
        {
                "_id" : "CDF",
                "value" : {
                        "allBalance" : 48915.2,
                        "count" : 8,
                        "avgBalance" : 6114.4
                }
        },
        {
                "_id" : "PHP",
                "value" : {
                        "allBalance" : 474425.12000000017,
                        "count" : 96,
                        "avgBalance" : 4941.928333333335
                }
        },
        {
                "_id" : "MYR",
                "value" : {
                        "allBalance" : 19124.48,
                        "count" : 4,
                        "avgBalance" : 4781.12
                }
        },
        {
                "_id" : "AMD",
                "value" : {
                        "allBalance" : 98437.31999999999,
                        "count" : 20,
                        "avgBalance" : 4921.866
                }
        },
        {
                "_id" : "VND",
                "value" : {
                        "allBalance" : 144641.04000000004,
                        "count" : 32,
                        "avgBalance" : 4520.032500000001
                }
        },
        {
                "_id" : "SEK",
                "value" : {
                        "allBalance" : 283360.76000000007,
                        "count" : 56,
                        "avgBalance" : 5060.0135714285725
                }
        },
        {
                "_id" : "HRK",
                "value" : {
                        "allBalance" : 97419.28,
                        "count" : 20,
                        "avgBalance" : 4870.964
                }
        },
        {
                "_id" : "CNY",
                "value" : {
                        "allBalance" : 1882801.520000001,
                        "count" : 380,
                        "avgBalance" : 4954.740842105266
                }
        },
        {
                "_id" : "IRR",
                "value" : {
                        "allBalance" : 106016.95999999999,
                        "count" : 24,
                        "avgBalance" : 4417.373333333333
                }
        },
        {
                "_id" : "MWK",
                "value" : {
                        "allBalance" : 14297.68,
                        "count" : 4,
                        "avgBalance" : 3574.42
                }
        },
        {
                "_id" : "NGN",
                "value" : {
                        "allBalance" : 99784.91999999998,
                        "count" : 24,
                        "avgBalance" : 4157.704999999999
                }
        },
        {
                "_id" : "ZMW",
                "value" : {
                        "allBalance" : 22278.24,
                        "count" : 4,
                        "avgBalance" : 5569.56
                }
        },
        {
                "_id" : "USD",
                "value" : {
                        "allBalance" : 304693.64,
                        "count" : 61,
                        "avgBalance" : 4994.977704918033
                }
        },
        {
                "_id" : "UZS",
                "value" : {
                        "allBalance" : 14292.12,
                        "count" : 4,
                        "avgBalance" : 3573.03
                }
        },
        {
                "_id" : "RWF",
                "value" : {
                        "allBalance" : 18531.52,
                        "count" : 4,
                        "avgBalance" : 4632.88
                }
        },
        {
                "_id" : "NIO",
                "value" : {
                        "allBalance" : 39885.119999999995,
                        "count" : 8,
                        "avgBalance" : 4985.639999999999
                }
        },
        {
                "_id" : "KZT",
                "value" : {
                        "allBalance" : 15155.8,
                        "count" : 4,
                        "avgBalance" : 3788.95
                }
        },
        {
                "_id" : "COP",
                "value" : {
                        "allBalance" : 78986.92000000001,
                        "count" : 16,
                        "avgBalance" : 4936.682500000001
                }
        },
        {
                "_id" : "EUR",
                "value" : {
                        "allBalance" : 980365.8799999994,
                        "count" : 200,
                        "avgBalance" : 4901.829399999997
                }
        },
        {
                "_id" : "JPY",
                "value" : {
                        "allBalance" : 243778.96,
                        "count" : 48,
                        "avgBalance" : 5078.7283333333335
                }
        },
        {
                "_id" : "MNT",
                "value" : {
                        "allBalance" : 86862.44,
                        "count" : 16,
                        "avgBalance" : 5428.9025
                }
        },
        {
                "_id" : "IQD",
                "value" : {
                        "allBalance" : 17077.56,
                        "count" : 4,
                        "avgBalance" : 4269.39
                }
        },
        {
                "_id" : "BOB",
                "value" : {
                        "allBalance" : 21053.2,
                        "count" : 4,
                        "avgBalance" : 5263.3
                }
        },
        {
                "_id" : "BRL",
                "value" : {
                        "allBalance" : 198528.08,
                        "count" : 44,
                        "avgBalance" : 4512.001818181818
                }
        },
        {
                "_id" : "NOK",
                "value" : {
                        "allBalance" : 19094.64,
                        "count" : 4,
                        "avgBalance" : 4773.66
                }
        },
        {
                "_id" : "NZD",
                "value" : {
                        "allBalance" : 21313.84,
                        "count" : 4,
                        "avgBalance" : 5328.46
                }
        },
        {
                "_id" : "ISK",
                "value" : {
                        "allBalance" : 17265.64,
                        "count" : 4,
                        "avgBalance" : 4316.41
                }
        },
        {
                "_id" : "CZK",
                "value" : {
                        "allBalance" : 148625.68000000005,
                        "count" : 32,
                        "avgBalance" : 4644.552500000002
                }
        },
        {
                "_id" : "PLN",
                "value" : {
                        "allBalance" : 363083.11999999994,
                        "count" : 72,
                        "avgBalance" : 5042.82111111111
                }
        },
        {
                "_id" : "EGP",
                "value" : {
                        "allBalance" : 22317.2,
                        "count" : 4,
                        "avgBalance" : 5579.3
                }
        },
        {
                "_id" : "MMK",
                "value" : {
                        "allBalance" : 18517.68,
                        "count" : 4,
                        "avgBalance" : 4629.42
                }
        },
        {
                "_id" : "RSD",
                "value" : {
                        "allBalance" : 17106.24,
                        "count" : 4,
                        "avgBalance" : 4276.56
                }
        },
        {
                "_id" : "MAD",
                "value" : {
                        "allBalance" : 15275.4,
                        "count" : 4,
                        "avgBalance" : 3818.85
                }
        },
        {
                "_id" : "TZS",
                "value" : {
                        "allBalance" : 28209.48,
                        "count" : 8,
                        "avgBalance" : 3526.185
                }
        },
        {
                "_id" : "AFN",
                "value" : {
                        "allBalance" : 67021.96,
                        "count" : 12,
                        "avgBalance" : 5585.163333333334
                }
        },
        {
                "_id" : "MKD",
                "value" : {
                        "allBalance" : 15340.2,
                        "count" : 4,
                        "avgBalance" : 3835.05
                }
        },
        {
                "_id" : "IDR",
                "value" : {
                        "allBalance" : 1295690.3600000006,
                        "count" : 264,
                        "avgBalance" : 4907.9180303030325
                }
        },
        {
                "_id" : "SRD",
                "value" : {
                        "allBalance" : 21146.72,
                        "count" : 4,
                        "avgBalance" : 5286.68
                }
        },
        {
                "_id" : "ZWL",
                "value" : {
                        "allBalance" : 23168.68,
                        "count" : 4,
                        "avgBalance" : 5792.17
                }
        },
        {
                "_id" : "UAH",
                "value" : {
                        "allBalance" : 161887.36,
                        "count" : 32,
                        "avgBalance" : 5058.98
                }
        },
        {
                "_id" : "RUB",
                "value" : {
                        "allBalance" : 478996.59999999974,
                        "count" : 96,
                        "avgBalance" : 4989.547916666664
                }
        },
        {
                "_id" : "BGN",
                "value" : {
                        "allBalance" : 84803.52,
                        "count" : 16,
                        "avgBalance" : 5300.22
                }
        },
        {
                "_id" : "XPF",
                "value" : {
                        "allBalance" : 19036.28,
                        "count" : 4,
                        "avgBalance" : 4759.07
                }
        },
        {
                "_id" : "TJS",
                "value" : {
                        "allBalance" : 16350.84,
                        "count" : 4,
                        "avgBalance" : 4087.71
                }
        },
        {
                "_id" : "XOF",
                "value" : {
                        "allBalance" : 71528.20000000001,
                        "count" : 12,
                        "avgBalance" : 5960.683333333334
                }
        },
        {
                "_id" : "VUV",
                "value" : {
                        "allBalance" : 25673.08,
                        "count" : 4,
                        "avgBalance" : 6418.27
                }
        },
        {
                "_id" : "YER",
                "value" : {
                        "allBalance" : 54850,
                        "count" : 12,
                        "avgBalance" : 4570.833333333333
                }
        },
        {
                "_id" : "KYD",
                "value" : {
                        "allBalance" : 15043.56,
                        "count" : 4,
                        "avgBalance" : 3760.89
                }
        },
        {
                "_id" : "CUP",
                "value" : {
                        "allBalance" : 60069.35999999999,
                        "count" : 12,
                        "avgBalance" : 5005.78
                }
        },
        {
                "_id" : "ZAR",
                "value" : {
                        "allBalance" : 47163.67999999999,
                        "count" : 12,
                        "avgBalance" : 3930.306666666666
                }
        },
        {
                "_id" : "MXN",
                "value" : {
                        "allBalance" : 200916.00000000003,
                        "count" : 40,
                        "avgBalance" : 5022.900000000001
                }
        },
        {
                "_id" : "MGA",
                "value" : {
                        "allBalance" : 58243.960000000014,
                        "count" : 12,
                        "avgBalance" : 4853.663333333335
                }
        },
        {
                "_id" : "ALL",
                "value" : {
                        "allBalance" : 13301.92,
                        "count" : 4,
                        "avgBalance" : 3325.48
                }
        },
        {
                "_id" : "ARS",
                "value" : {
                        "allBalance" : 92967.99999999999,
                        "count" : 20,
                        "avgBalance" : 4648.4
                }
        }
]