[
        {
                "_id" : "BYR",
                "avgMoney" : 5095.79,
                "sumMoney" : 20383.16
        },
        {
                "_id" : "PYG",
                "avgMoney" : 4874.69,
                "sumMoney" : 19498.76
        },
        {
                "_id" : "GBP",
                "avgMoney" : 6149.19,
                "sumMoney" : 24596.76
        },
        {
                "_id" : "VEF",
                "avgMoney" : 4166.64,
                "sumMoney" : 33333.12
        },
        {
                "_id" : "GTQ",
                "avgMoney" : 5806.3,
                "sumMoney" : 23225.2
        },
        {
                "_id" : "LYD",
                "avgMoney" : 4382.495,
                "sumMoney" : 35059.96
        },
        {
                "_id" : "KRW",
                "avgMoney" : 6689.91,
                "sumMoney" : 53519.28
        },
        {
                "_id" : "HNL",
                "avgMoney" : 5504.863333333334,
                "sumMoney" : 66058.36
        },
        {
                "_id" : "CAD",
                "avgMoney" : 5306.872727272727,
                "sumMoney" : 233502.4
        },
        {
                "_id" : "THB",
                "avgMoney" : 4604.392,
                "sumMoney" : 92087.84
        },
        {
                "_id" : "PKR",
                "avgMoney" : 4734.5,
                "sumMoney" : 75752
        },
        {
                "_id" : "PEN",
                "avgMoney" : 4656.598235294117,
                "sumMoney" : 79162.17
        },
        {
                "_id" : "DOP",
                "avgMoney" : 5168.6849999999995,
                "sumMoney" : 82698.95999999999
        },
        {
                "_id" : "XAF",
                "avgMoney" : 4698.22,
                "sumMoney" : 56378.64
        },
        {
                "_id" : "ILS",
                "avgMoney" : 5431.83,
                "sumMoney" : 65181.96
        },
        {
                "_id" : "NPR",
                "avgMoney" : 5792.26,
                "sumMoney" : 23169.04
        },
        {
                "_id" : "CDF",
                "avgMoney" : 6114.4,
                "sumMoney" : 48915.2
        },
        {
                "_id" : "ETB",
                "avgMoney" : 5436.11,
                "sumMoney" : 21744.44
        },
        {
                "_id" : "BWP",
                "avgMoney" : 4076.29,
                "sumMoney" : 16305.16
        },
        {
                "_id" : "MYR",
                "avgMoney" : 4781.12,
                "sumMoney" : 19124.48
        },
        {
                "_id" : "PHP",
                "avgMoney" : 4941.928333333333,
                "sumMoney" : 474425.12
        },
        {
                "_id" : "SEK",
                "avgMoney" : 5060.013571428572,
                "sumMoney" : 283360.76
        },
        {
                "_id" : "HRK",
                "avgMoney" : 4870.964,
                "sumMoney" : 97419.28
        },
        {
                "_id" : "AMD",
                "avgMoney" : 4921.866,
                "sumMoney" : 98437.32
        },
        {
                "_id" : "VND",
                "avgMoney" : 4520.0325,
                "sumMoney" : 144641.04
        },
        {
                "_id" : "IRR",
                "avgMoney" : 4417.373333333333,
                "sumMoney" : 106016.95999999999
        },
        {
                "_id" : "CNY",
                "avgMoney" : 4954.740842105263,
                "sumMoney" : 1882801.52
        },
        {
                "_id" : "MWK",
                "avgMoney" : 3574.42,
                "sumMoney" : 14297.68
        },
        {
                "_id" : "RWF",
                "avgMoney" : 4632.88,
                "sumMoney" : 18531.52
        },
        {
                "_id" : "USD",
                "avgMoney" : 4994.977704918033,
                "sumMoney" : 304693.64
        },
        {
                "_id" : "ZMW",
                "avgMoney" : 5569.56,
                "sumMoney" : 22278.24
        },
        {
                "_id" : "NGN",
                "avgMoney" : 4157.705,
                "sumMoney" : 99784.92
        },
        {
                "_id" : "UZS",
                "avgMoney" : 3573.03,
                "sumMoney" : 14292.12
        },
        {
                "_id" : "COP",
                "avgMoney" : 4936.6825,
                "sumMoney" : 78986.92
        },
        {
                "_id" : "KZT",
                "avgMoney" : 3788.95,
                "sumMoney" : 15155.8
        },
        {
                "_id" : "MNT",
                "avgMoney" : 5428.9025,
                "sumMoney" : 86862.44
        },
        {
                "_id" : "JPY",
                "avgMoney" : 5078.7283333333335,
                "sumMoney" : 243778.96
        },
        {
                "_id" : "NIO",
                "avgMoney" : 4985.64,
                "sumMoney" : 39885.12
        },
        {
                "_id" : "BOB",
                "avgMoney" : 5263.3,
                "sumMoney" : 21053.2
        },
        {
                "_id" : "IQD",
                "avgMoney" : 4269.39,
                "sumMoney" : 17077.56
        },
        {
                "_id" : "EUR",
                "avgMoney" : 4901.8294,
                "sumMoney" : 980365.88
        },
        {
                "_id" : "ISK",
                "avgMoney" : 4316.41,
                "sumMoney" : 17265.64
        },
        {
                "_id" : "NOK",
                "avgMoney" : 4773.66,
                "sumMoney" : 19094.64
        },
        {
                "_id" : "BRL",
                "avgMoney" : 4512.001818181819,
                "sumMoney" : 198528.08000000002
        },
        {
                "_id" : "NZD",
                "avgMoney" : 5328.46,
                "sumMoney" : 21313.84
        },
        {
                "_id" : "CZK",
                "avgMoney" : 4644.5525,
                "sumMoney" : 148625.68
        },
        {
                "_id" : "PLN",
                "avgMoney" : 5042.821111111111,
                "sumMoney" : 363083.12
        },
        {
                "_id" : "EGP",
                "avgMoney" : 5579.3,
                "sumMoney" : 22317.2
        },
        {
                "_id" : "MAD",
                "avgMoney" : 3818.85,
                "sumMoney" : 15275.4
        },
        {
                "_id" : "MMK",
                "avgMoney" : 4629.42,
                "sumMoney" : 18517.68
        },
        {
                "_id" : "RSD",
                "avgMoney" : 4276.56,
                "sumMoney" : 17106.24
        },
        {
                "_id" : "AFN",
                "avgMoney" : 5585.163333333334,
                "sumMoney" : 67021.96
        },
        {
                "_id" : "TZS",
                "avgMoney" : 3526.1850000000004,
                "sumMoney" : 28209.480000000003
        },
        {
                "_id" : "ZWL",
                "avgMoney" : 5792.17,
                "sumMoney" : 23168.68
        },
        {
                "_id" : "SRD",
                "avgMoney" : 5286.68,
                "sumMoney" : 21146.72
        },
        {
                "_id" : "IDR",
                "avgMoney" : 4907.918030303031,
                "sumMoney" : 1295690.36
        },
        {
                "_id" : "MKD",
                "avgMoney" : 3835.05,
                "sumMoney" : 15340.2
        },
        {
                "_id" : "UAH",
                "avgMoney" : 5058.9800000000005,
                "sumMoney" : 161887.36000000002
        },
        {
                "_id" : "TJS",
                "avgMoney" : 4087.71,
                "sumMoney" : 16350.84
        },
        {
                "_id" : "BGN",
                "avgMoney" : 5300.22,
                "sumMoney" : 84803.52
        },
        {
                "_id" : "RUB",
                "avgMoney" : 4989.547916666666,
                "sumMoney" : 478996.6
        },
        {
                "_id" : "XPF",
                "avgMoney" : 4759.07,
                "sumMoney" : 19036.28
        },
        {
                "_id" : "VUV",
                "avgMoney" : 6418.27,
                "sumMoney" : 25673.08
        },
        {
                "_id" : "XOF",
                "avgMoney" : 5960.683333333333,
                "sumMoney" : 71528.2
        },
        {
                "_id" : "KYD",
                "avgMoney" : 3760.89,
                "sumMoney" : 15043.56
        },
        {
                "_id" : "YER",
                "avgMoney" : 4570.833333333333,
                "sumMoney" : 54850
        },
        {
                "_id" : "ZAR",
                "avgMoney" : 3930.306666666667,
                "sumMoney" : 47163.68
        },
        {
                "_id" : "CUP",
                "avgMoney" : 5005.78,
                "sumMoney" : 60069.36
        },
        {
                "_id" : "MXN",
                "avgMoney" : 5022.9,
                "sumMoney" : 200916
        },
        {
                "_id" : "MGA",
                "avgMoney" : 4853.663333333333,
                "sumMoney" : 58243.96
        },
        {
                "_id" : "ALL",
                "avgMoney" : 3325.48,
                "sumMoney" : 13301.92
        },
        {
                "_id" : "CLP",
                "avgMoney" : 5252.2375,
                "sumMoney" : 84035.8
        },
        {
                "_id" : "ARS",
                "avgMoney" : 4648.4,
                "sumMoney" : 92968
        }
]