[
        {
                "_id" : "Female",
                "value" : {
                        "count" : 19758,
                        "height" : 166.89169096062423,
                        "weight" : 70.11344822350499
                }
        },
        {
                "_id" : "Male",
                "value" : {
                        "count" : 19875,
                        "height" : 166.82324930817646,
                        "weight" : 70.00889811320793
                }
        }
]