[
        {
                "_id" : "KES",
                "value" : 1082885.5899999996
        },
        {
                "_id" : "PLN",
                "value" : 20324725.289999947
        },
        {
                "_id" : "TTD",
                "value" : 176179.55999999997
        },
        {
                "_id" : "INR",
                "value" : 96691.76000000002
        },
        {
                "_id" : "CZK",
                "value" : 10601356.219999986
        },
        {
                "_id" : "BRL",
                "value" : 22506216.76
        },
        {
                "_id" : "NZD",
                "value" : 1371175.5999999996
        },
        {
                "_id" : "TRY",
                "value" : 73658.12
        },
        {
                "_id" : "GNF",
                "value" : 292889.92
        },
        {
                "_id" : "IQD",
                "value" : 670127.2800000004
        },
        {
                "_id" : "EUR",
                "value" : 67013786.96999981
        },
        {
                "_id" : "AWG",
                "value" : 29130.92
        },
        {
                "_id" : "DZD",
                "value" : 48664.8
        },
        {
                "_id" : "HUF",
                "value" : 660768.6400000001
        },
        {
                "_id" : "UAH",
                "value" : 10049443.060000008
        },
        {
                "_id" : "HKD",
                "value" : 92092.08000000002
        },
        {
                "_id" : "SZL",
                "value" : 236452.36000000007
        },
        {
                "_id" : "KWD",
                "value" : 336020.06
        },
        {
                "_id" : "MKD",
                "value" : 1757685.9200000023
        },
        {
                "_id" : "CRC",
                "value" : 1338176.2399999988
        },
        {
                "_id" : "SRD",
                "value" : 78747.07999999999
        },
        {
                "_id" : "WST",
                "value" : 122958.56
        },
        {
                "_id" : "SLL",
                "value" : 464899.59999999986
        },
        {
                "_id" : "RSD",
                "value" : 3274329.919999998
        },
        {
                "_id" : "GHS",
                "value" : 332636.2000000001
        },
        {
                "_id" : "SDG",
                "value" : 516602.8100000002
        },
        {
                "_id" : "QAR",
                "value" : 145435.68
        },
        {
                "_id" : "XOF",
                "value" : 3746242.1300000045
        },
        {
                "_id" : "VUV",
                "value" : 92755.72
        },
        {
                "_id" : "KHR",
                "value" : 401790.31999999983
        },
        {
                "_id" : "DKK",
                "value" : 893127.1599999993
        },
        {
                "_id" : "XPF",
                "value" : 531704.0399999998
        },
        {
                "_id" : "BGN",
                "value" : 1992174.0099999998
        },
        {
                "_id" : "TJS",
                "value" : 709604.1999999997
        },
        {
                "_id" : "SOS",
                "value" : 328813.9200000001
        },
        {
                "_id" : "ARS",
                "value" : 7788611.890000006
        },
        {
                "_id" : "BBD",
                "value" : 106882
        },
        {
                "_id" : "MGA",
                "value" : 1515373.77
        },
        {
                "_id" : "CUP",
                "value" : 2061145.7300000011
        },
        {
                "_id" : "SAR",
                "value" : 646824.0000000001
        },
        {
                "_id" : "MRO",
                "value" : 187531.13
        },
        {
                "_id" : "KYD",
                "value" : 67238.64
        },
        {
                "_id" : "YER",
                "value" : 2334629.519999998
        },
        {
                "_id" : "KRW",
                "value" : 1747229.7700000007
        },
        {
                "_id" : "CVE",
                "value" : 186154.04
        },
        {
                "_id" : "GTQ",
                "value" : 2362864.6400000006
        },
        {
                "_id" : "LYD",
                "value" : 790182.5999999996
        },
        {
                "_id" : "PYG",
                "value" : 1151034.0700000003
        },
        {
                "_id" : "UGX",
                "value" : 1380813
        },
        {
                "_id" : "PGK",
                "value" : 245781.08000000005
        },
        {
                "_id" : "XAF",
                "value" : 2963257.8799999976
        },
        {
                "_id" : "ILS",
                "value" : 3042586.880000001
        },
        {
                "_id" : "PKR",
                "value" : 2751082.1999999993
        },
        {
                "_id" : "PEN",
                "value" : 9451404.050000004
        },
        {
                "_id" : "DOP",
                "value" : 2141018.5200000005
        },
        {
                "_id" : "BIF",
                "value" : 183129.31999999998
        },
        {
                "_id" : "THB",
                "value" : 8356116.810000008
        },
        {
                "_id" : "CAD",
                "value" : 7917883.120000003
        },
        {
                "_id" : "SCR",
                "value" : 59190.32000000001
        },
        {
                "_id" : "STD",
                "value" : 19417.44
        },
        {
                "_id" : "VND",
                "value" : 5605820.700000006
        },
        {
                "_id" : "LBP",
                "value" : 173304.24000000002
        },
        {
                "_id" : "HRK",
                "value" : 2767860.8200000003
        },
        {
                "_id" : "PHP",
                "value" : 33025045.009999983
        },
        {
                "_id" : "CDF",
                "value" : 712389.4799999999
        },
        {
                "_id" : "ETB",
                "value" : 1082567.4599999997
        },
        {
                "_id" : "JPY",
                "value" : 10355493.969999984
        },
        {
                "_id" : "ISK",
                "value" : 156194.96000000002
        },
        {
                "_id" : "COP",
                "value" : 7909127.860000002
        },
        {
                "_id" : "BOB",
                "value" : 1029734.16
        },
        {
                "_id" : "GMD",
                "value" : 631855.5999999999
        },
        {
                "_id" : "TND",
                "value" : 1303023.5999999999
        },
        {
                "_id" : "AUD",
                "value" : 970668.1199999998
        },
        {
                "_id" : "UZS",
                "value" : 1325380.6000000006
        },
        {
                "_id" : "ZMW",
                "value" : 643762.1200000001
        },
        {
                "_id" : "BMD",
                "value" : 20756
        },
        {
                "_id" : "USD",
                "value" : 16415221.519999973
        },
        {
                "_id" : "KGS",
                "value" : 707311.1599999999
        },
        {
                "_id" : "PAB",
                "value" : 1454574.439999999
        },
        {
                "_id" : "HTG",
                "value" : 863968.5199999999
        },
        {
                "_id" : "MWK",
                "value" : 352427.31999999995
        },
        {
                "_id" : "MAD",
                "value" : 2049072.3899999992
        },
        {
                "_id" : "EGP",
                "value" : 2123172.700000001
        },
        {
                "_id" : "AZN",
                "value" : 1588497.2400000002
        },
        {
                "_id" : "NOK",
                "value" : 3057099.43
        },
        {
                "_id" : "XCD",
                "value" : 672600.0399999999
        },
        {
                "_id" : "IDR",
                "value" : 62663056.99999991
        },
        {
                "_id" : "OMR",
                "value" : 348032.3200000001
        },
        {
                "_id" : "ZWL",
                "value" : 576880.1600000001
        },
        {
                "_id" : "TZS",
                "value" : 2428621.489999999
        },
        {
                "_id" : "BND",
                "value" : 31130.64
        },
        {
                "_id" : "AFN",
                "value" : 2663429.8200000036
        },
        {
                "_id" : "AED",
                "value" : 211893.32000000004
        },
        {
                "_id" : "MMK",
                "value" : 896632.4500000005
        },
        {
                "_id" : "KPW",
                "value" : 895457.9000000003
        },
        {
                "_id" : "BSD",
                "value" : 221445.5599999999
        },
        {
                "_id" : "MOP",
                "value" : 21351.08
        },
        {
                "_id" : "BZD",
                "value" : 100632.52
        },
        {
                "_id" : "JMD",
                "value" : 805790.8399999999
        },
        {
                "_id" : "KMF",
                "value" : 552018.8000000002
        },
        {
                "_id" : "ANG",
                "value" : 85417.56
        },
        {
                "_id" : "RUB",
                "value" : 34245584.54000006
        },
        {
                "_id" : "MZN",
                "value" : 368274.5599999998
        },
        {
                "_id" : "CLP",
                "value" : 1569818.3900000006
        },
        {
                "_id" : "JOD",
                "value" : 846432.1099999998
        },
        {
                "_id" : "LKR",
                "value" : 900445.56
        },
        {
                "_id" : "SGD",
                "value" : 51281.92
        },
        {
                "_id" : "ALL",
                "value" : 2610660.239999997
        },
        {
                "_id" : "SBD",
                "value" : 39932
        },
        {
                "_id" : "MXN",
                "value" : 6211301.170000005
        },
        {
                "_id" : "MUR",
                "value" : 728521.9199999999
        },
        {
                "_id" : "TWD",
                "value" : 150615.99999999997
        },
        {
                "_id" : "ZAR",
                "value" : 3745113.819999999
        },
        {
                "_id" : "GYD",
                "value" : 52214
        },
        {
                "_id" : "FJD",
                "value" : 37285.72
        },
        {
                "_id" : "VEF",
                "value" : 2525466.3000000017
        },
        {
                "_id" : "SYP",
                "value" : 2016027.3200000017
        },
        {
                "_id" : "GBP",
                "value" : 974051.439999999
        },
        {
                "_id" : "ERN",
                "value" : 86393.87999999999
        },
        {
                "_id" : "TMT",
                "value" : 452398.48000000016
        },
        {
                "_id" : "LAK",
                "value" : 345220.2000000002
        },
        {
                "_id" : "BYR",
                "value" : 2752523.3699999996
        },
        {
                "_id" : "NPR",
                "value" : 586426.5999999999
        },
        {
                "_id" : "UYU",
                "value" : 933704.0900000001
        },
        {
                "_id" : "MVR",
                "value" : 128275.39999999997
        },
        {
                "_id" : "BHD",
                "value" : 90793.84
        },
        {
                "_id" : "LSL",
                "value" : 105076.28
        },
        {
                "_id" : "HNL",
                "value" : 3270780.959999998
        },
        {
                "_id" : "BAM",
                "value" : 1663861.879999999
        },
        {
                "_id" : "CNY",
                "value" : 110052770.13999976
        },
        {
                "_id" : "AOA",
                "value" : 270331.1999999999
        },
        {
                "_id" : "FKP",
                "value" : 20475.88
        },
        {
                "_id" : "NAD",
                "value" : 221681.35999999996
        },
        {
                "_id" : "IRR",
                "value" : 3217588.200000001
        },
        {
                "_id" : "AMD",
                "value" : 2437127.180000003
        },
        {
                "_id" : "SEK",
                "value" : 14857242.599999975
        },
        {
                "_id" : "LRD",
                "value" : 219533.79999999996
        },
        {
                "_id" : "MYR",
                "value" : 2671579.4
        },
        {
                "_id" : "LTL",
                "value" : 892764.8500000002
        },
        {
                "_id" : "BDT",
                "value" : 1179373.519999999
        },
        {
                "_id" : "BWP",
                "value" : 587888.1600000001
        },
        {
                "_id" : "MNT",
                "value" : 2564839.8600000013
        },
        {
                "_id" : "NIO",
                "value" : 985368.7000000007
        },
        {
                "_id" : "SSP",
                "value" : 169026.12000000002
        },
        {
                "_id" : "KZT",
                "value" : 2356673.97
        },
        {
                "_id" : "GEL",
                "value" : 629107.8400000002
        },
        {
                "_id" : "DJF",
                "value" : 58937.079999999994
        },
        {
                "_id" : "MDL",
                "value" : 693274.9200000002
        },
        {
                "_id" : "CHF",
                "value" : 435762.5599999998
        },
        {
                "_id" : "NGN",
                "value" : 5147666.370000001
        },
        {
                "_id" : "RWF",
                "value" : 173199.83999999997
        },
        {
                "_id" : "TOP",
                "value" : 73697.88
        },
        {
                "_id" : "BTN",
                "value" : 150844.32000000004
        },
        {
                "_id" : "RON",
                "value" : 46230.399999999994
        }
]