[
        {
                "_id" : "Egypt",
                "value" : {
                        "count" : 140,
                        "avgBmi" : 24.279172249085587,
                        "minBmi" : 17.65042987323807,
                        "maxBmi" : 32.03372250044894
                }
        },
        {
                "_id" : "Slovenia",
                "value" : {
                        "count" : 153,
                        "avgBmi" : 25.16700536127213,
                        "minBmi" : 17.370385779694157,
                        "maxBmi" : 32.661098753994494
                }
        },
        {
                "_id" : "Honduras",
                "value" : {
                        "count" : 152,
                        "avgBmi" : 25.48034274333804,
                        "minBmi" : 18.483295476526518,
                        "maxBmi" : 35.22066445474855
                }
        },
        {
                "_id" : "Brunei",
                "value" : {
                        "count" : 4,
                        "avgBmi" : 25.026972591058268,
                        "minBmi" : 25.026972591058268,
                        "maxBmi" : 25.026972591058268
                }
        },
        {
                "_id" : "Sudan",
                "value" : {
                        "count" : 32,
                        "avgBmi" : 24.951753358198896,
                        "minBmi" : 22.77184895818426,
                        "maxBmi" : 26.388338263210727
                }
        },
        {
                "_id" : "Martinique",
                "value" : {
                        "count" : 4,
                        "avgBmi" : 24.025383631333913,
                        "minBmi" : 24.025383631333913,
                        "maxBmi" : 24.025383631333913
                }
        },
        {
                "_id" : "Nicaragua",
                "value" : {
                        "count" : 61,
                        "avgBmi" : 24.116389281043435,
                        "minBmi" : 19.775488264201304,
                        "maxBmi" : 30.037211079338597
                }
        },
        {
                "_id" : "Canada",
                "value" : {
                        "count" : 495,
                        "avgBmi" : 25.480741379094557,
                        "minBmi" : 16.408314613251758,
                        "maxBmi" : 33.61303753837221
                }
        },
        {
                "_id" : "Burundi",
                "value" : {
                        "count" : 12,
                        "avgBmi" : 25.648312948962168,
                        "minBmi" : 23.417605812676044,
                        "maxBmi" : 28.502450131594546
                }
        },
        {
                "_id" : "South Sudan",
                "value" : {
                        "count" : 4,
                        "avgBmi" : 25.958795187276632,
                        "minBmi" : 25.958795187276632,
                        "maxBmi" : 25.958795187276632
                }
        },
        {
                "_id" : "Jamaica",
                "value" : {
                        "count" : 40,
                        "avgBmi" : 24.93149892025035,
                        "minBmi" : 22.2753691465586,
                        "maxBmi" : 28.975717835121536
                }
        },
        {
                "_id" : "Albania",
                "value" : {
                        "count" : 152,
                        "avgBmi" : 24.708938287604862,
                        "minBmi" : 18.995343497963386,
                        "maxBmi" : 31.98582559382973
                }
        },
        {
                "_id" : "Croatia",
                "value" : {
                        "count" : 244,
                        "avgBmi" : 24.859825049169952,
                        "minBmi" : 18.791459338166646,
                        "maxBmi" : 38.54454850434303
                }
        },
        {
                "_id" : "Denmark",
                "value" : {
                        "count" : 36,
                        "avgBmi" : 23.570666794473006,
                        "minBmi" : 21.08473436367003,
                        "maxBmi" : 27.824860598421296
                }
        },
        {
                "_id" : "Afghanistan",
                "value" : {
                        "count" : 153,
                        "avgBmi" : 24.996444168411355,
                        "minBmi" : 17.09902396818706,
                        "maxBmi" : 31.680724277814615
                }
        },
        {
                "_id" : "Kenya",
                "value" : {
                        "count" : 84,
                        "avgBmi" : 25.84497767923739,
                        "minBmi" : 21.963094173998595,
                        "maxBmi" : 32.415973001368904
                }
        },
        {
                "_id" : "North Korea",
                "value" : {
                        "count" : 52,
                        "avgBmi" : 26.205146023322584,
                        "minBmi" : 20.924212172010197,
                        "maxBmi" : 30.61429036407098
                }
        },
        {
                "_id" : "Mexico",
                "value" : {
                        "count" : 361,
                        "avgBmi" : 25.45164225443288,
                        "minBmi" : 17.298446794148454,
                        "maxBmi" : 36.270875149671795
                }
        },
        {
                "_id" : "Tajikistan",
                "value" : {
                        "count" : 44,
                        "avgBmi" : 24.961843320223554,
                        "minBmi" : 19.990278828313503,
                        "maxBmi" : 31.132650605821127
                }
        },
        {
                "_id" : "Czech Republic",
                "value" : {
                        "count" : 645,
                        "avgBmi" : 25.21972289128845,
                        "minBmi" : 15.668304358780551,
                        "maxBmi" : 33.1519013359832
                }
        },
        {
                "_id" : "Marshall Islands",
                "value" : {
                        "count" : 12,
                        "avgBmi" : 24.4362224388107,
                        "minBmi" : 22.403515045781823,
                        "maxBmi" : 26.89988056197374
                }
        },
        {
                "_id" : "Iran",
                "value" : {
                        "count" : 148,
                        "avgBmi" : 25.852744467464756,
                        "minBmi" : 18.237996217377763,
                        "maxBmi" : 37.98020856315509
                }
        },
        {
                "_id" : "Botswana",
                "value" : {
                        "count" : 49,
                        "avgBmi" : 24.50111138729837,
                        "minBmi" : 17.209620064111167,
                        "maxBmi" : 27.181787438387662
                }
        },
        {
                "_id" : "Uruguay",
                "value" : {
                        "count" : 52,
                        "avgBmi" : 25.324761962268358,
                        "minBmi" : 20.368800960879323,
                        "maxBmi" : 34.361426322308105
                }
        },
        {
                "_id" : "Tanzania",
                "value" : {
                        "count" : 126,
                        "avgBmi" : 26.129012912473062,
                        "minBmi" : 17.23592052068185,
                        "maxBmi" : 34.999295729756405
                }
        },
        {
                "_id" : "Greenland",
                "value" : {
                        "count" : 4,
                        "avgBmi" : 25.87231726224435,
                        "minBmi" : 25.87231726224435,
                        "maxBmi" : 25.87231726224435
                }
        },
        {
                "_id" : "Guinea-Bissau",
                "value" : {
                        "count" : 12,
                        "avgBmi" : 24.42720412339052,
                        "minBmi" : 23.285128184292066,
                        "maxBmi" : 26.54403588086242
                }
        },
        {
                "_id" : "Indonesia",
                "value" : {
                        "count" : 4259,
                        "avgBmi" : 25.468928797998355,
                        "minBmi" : 14.752916025545577,
                        "maxBmi" : 45.225488811433195
                }
        },
        {
                "_id" : "Finland",
                "value" : {
                        "count" : 192,
                        "avgBmi" : 25.628447139765246,
                        "minBmi" : 18.313044445355132,
                        "maxBmi" : 36.88879211052598
                }
        },
        {
                "_id" : "South Africa",
                "value" : {
                        "count" : 192,
                        "avgBmi" : 25.864994700042743,
                        "minBmi" : 17.335043301262825,
                        "maxBmi" : 40.54150514193364
                }
        },
        {
                "_id" : "Haiti",
                "value" : {
                        "count" : 45,
                        "avgBmi" : 25.88872816184549,
                        "minBmi" : 18.63873039318409,
                        "maxBmi" : 34.706505929936306
                }
        },
        {
                "_id" : "Benin",
                "value" : {
                        "count" : 28,
                        "avgBmi" : 25.77836456996179,
                        "minBmi" : 21.326707132619116,
                        "maxBmi" : 30.296481888973997
                }
        },
        {
                "_id" : "Micronesia",
                "value" : {
                        "count" : 16,
                        "avgBmi" : 23.3073448771307,
                        "minBmi" : 20.483583148077006,
                        "maxBmi" : 25.24886656617766
                }
        },
        {
                "_id" : "Germany",
                "value" : {
                        "count" : 122,
                        "avgBmi" : 24.503737946612627,
                        "minBmi" : 16.77970254517681,
                        "maxBmi" : 32.56393192452176
                }
        },
        {
                "_id" : "Aland Islands",
                "value" : {
                        "count" : 16,
                        "avgBmi" : 28.162616489658912,
                        "minBmi" : 22.422508995430608,
                        "maxBmi" : 33.92911214898956
                }
        },
        {
                "_id" : "Moldova",
                "value" : {
                        "count" : 56,
                        "avgBmi" : 25.57295819429362,
                        "minBmi" : 19.688381123290277,
                        "maxBmi" : 32.56715420989366
                }
        },
        {
                "_id" : "Macao",
                "value" : {
                        "count" : 4,
                        "avgBmi" : 23.988477689826944,
                        "minBmi" : 23.988477689826944,
                        "maxBmi" : 23.988477689826944
                }
        },
        {
                "_id" : "Ivory Coast",
                "value" : {
                        "count" : 60,
                        "avgBmi" : 26.739162218304372,
                        "minBmi" : 20.497202679469442,
                        "maxBmi" : 35.26565858224913
                }
        },
        {
                "_id" : "El Salvador",
                "value" : {
                        "count" : 64,
                        "avgBmi" : 25.348361001442782,
                        "minBmi" : 21.92582816065902,
                        "maxBmi" : 33.56299576484532
                }
        },
        {
                "_id" : "Guam",
                "value" : {
                        "count" : 12,
                        "avgBmi" : 22.45019365812172,
                        "minBmi" : 20.67309032186491,
                        "maxBmi" : 24.012673635721274
                }
        },
        {
                "_id" : "Lesotho",
                "value" : {
                        "count" : 12,
                        "avgBmi" : 25.359896980561867,
                        "minBmi" : 19.804653958825416,
                        "maxBmi" : 30.164460328890495
                }
        },
        {
                "_id" : "Russia",
                "value" : {
                        "count" : 2395,
                        "avgBmi" : 25.366780873831974,
                        "minBmi" : 15.959050973980357,
                        "maxBmi" : 39.884457664999275
                }
        },
        {
                "_id" : "Mongolia",
                "value" : {
                        "count" : 169,
                        "avgBmi" : 24.007152640345954,
                        "minBmi" : 19.123348100503087,
                        "maxBmi" : 31.47600262984878
                }
        },
        {
                "_id" : "Laos",
                "value" : {
                        "count" : 28,
                        "avgBmi" : 24.70656050017314,
                        "minBmi" : 20.414405907869934,
                        "maxBmi" : 28.470547935007055
                }
        },
        {
                "_id" : "Uzbekistan",
                "value" : {
                        "count" : 96,
                        "avgBmi" : 25.895086720586505,
                        "minBmi" : 19.782197771015646,
                        "maxBmi" : 32.30460851219657
                }
        },
        {
                "_id" : "Guatemala",
                "value" : {
                        "count" : 145,
                        "avgBmi" : 25.705395328042194,
                        "minBmi" : 19.619608992088942,
                        "maxBmi" : 32.13075314700058
                }
        },
        {
                "_id" : "Northern Mariana Islands",
                "value" : {
                        "count" : 4,
                        "avgBmi" : 25.912320610983855,
                        "minBmi" : 25.912320610983855,
                        "maxBmi" : 25.912320610983855
                }
        },
        {
                "_id" : "Mauritius",
                "value" : {
                        "count" : 52,
                        "avgBmi" : 25.493607821171015,
                        "minBmi" : 19.225308641975307,
                        "maxBmi" : 38.863421084463056
                }
        },
        {
                "_id" : "Libya",
                "value" : {
                        "count" : 52,
                        "avgBmi" : 27.27409420047267,
                        "minBmi" : 21.42742372829579,
                        "maxBmi" : 35.149594988585044
                }
        },
        {
                "_id" : "Turkmenistan",
                "value" : {
                        "count" : 40,
                        "avgBmi" : 26.074693406233422,
                        "minBmi" : 21.536036875349122,
                        "maxBmi" : 30.263793694794966
                }
        },
        {
                "_id" : "Maldives",
                "value" : {
                        "count" : 20,
                        "avgBmi" : 25.389870790829356,
                        "minBmi" : 23.654619429922963,
                        "maxBmi" : 28.258302397598005
                }
        },
        {
                "_id" : "Poland",
                "value" : {
                        "count" : 1297,
                        "avgBmi" : 25.272142474785536,
                        "minBmi" : 16.79139666621858,
                        "maxBmi" : 36.719542808310635
                }
        },
        {
                "_id" : "Philippines",
                "value" : {
                        "count" : 2078,
                        "avgBmi" : 25.186255263386848,
                        "minBmi" : 15.783361633607486,
                        "maxBmi" : 40.14921877820496
                }
        },
        {
                "_id" : "Italy",
                "value" : {
                        "count" : 68,
                        "avgBmi" : 25.224448562759804,
                        "minBmi" : 18.62665699542922,
                        "maxBmi" : 31.28284127929142
                }
        },
        {
                "_id" : "Chad",
                "value" : {
                        "count" : 20,
                        "avgBmi" : 25.905763020970006,
                        "minBmi" : 19.3797121228698,
                        "maxBmi" : 32.14867661954464
                }
        },
        {
                "_id" : "Belarus",
                "value" : {
                        "count" : 172,
                        "avgBmi" : 25.469679075687008,
                        "minBmi" : 17.862911074560454,
                        "maxBmi" : 33.938647320174816
                }
        },
        {
                "_id" : "Puerto Rico",
                "value" : {
                        "count" : 12,
                        "avgBmi" : 25.262349688052414,
                        "minBmi" : 22.62480717834322,
                        "maxBmi" : 27.283415282531923
                }
        },
        {
                "_id" : "Netherlands",
                "value" : {
                        "count" : 132,
                        "avgBmi" : 26.02467655953886,
                        "minBmi" : 19.375149151810973,
                        "maxBmi" : 34.9137907014134
                }
        },
        {
                "_id" : "Monaco",
                "value" : {
                        "count" : 4,
                        "avgBmi" : 28.9279758282314,
                        "minBmi" : 28.9279758282314,
                        "maxBmi" : 28.9279758282314
                }
        },
        {
                "_id" : "Somalia",
                "value" : {
                        "count" : 4,
                        "avgBmi" : 29.953705951906365,
                        "minBmi" : 29.953705951906365,
                        "maxBmi" : 29.953705951906365
                }
        },
        {
                "_id" : "Cape Verde",
                "value" : {
                        "count" : 24,
                        "avgBmi" : 25.334661749885466,
                        "minBmi" : 19.20724222151505,
                        "maxBmi" : 35.04527266278727
                }
        },
        {
                "_id" : "Liberia",
                "value" : {
                        "count" : 24,
                        "avgBmi" : 25.901546538832033,
                        "minBmi" : 22.648192657509565,
                        "maxBmi" : 29.63330910128883
                }
        },
        {
                "_id" : "Thailand",
                "value" : {
                        "count" : 598,
                        "avgBmi" : 25.673478291915934,
                        "minBmi" : 18.181717342474403,
                        "maxBmi" : 35.59056018272644
                }
        },
        {
                "_id" : "Switzerland",
                "value" : {
                        "count" : 16,
                        "avgBmi" : 25.70946937867775,
                        "minBmi" : 20.192102704387427,
                        "maxBmi" : 31.153535521833074
                }
        },
        {
                "_id" : "Cambodia",
                "value" : {
                        "count" : 25,
                        "avgBmi" : 26.990886955820987,
                        "minBmi" : 17.55686321414169,
                        "maxBmi" : 33.32850035102713
                }
        },
        {
                "_id" : "Azerbaijan",
                "value" : {
                        "count" : 128,
                        "avgBmi" : 25.953521178074688,
                        "minBmi" : 18.770569815679924,
                        "maxBmi" : 36.93348217200575
                }
        },
        {
                "_id" : "Swaziland",
                "value" : {
                        "count" : 4,
                        "avgBmi" : 20.902625563889615,
                        "minBmi" : 20.902625563889615,
                        "maxBmi" : 20.902625563889615
                }
        },
        {
                "_id" : "Myanmar",
                "value" : {
                        "count" : 88,
                        "avgBmi" : 25.964386191009897,
                        "minBmi" : 20.99743660839639,
                        "maxBmi" : 31.44845939513945
                }
        },
        {
                "_id" : "Gambia",
                "value" : {
                        "count" : 36,
                        "avgBmi" : 23.773405222453228,
                        "minBmi" : 17.84046677774891,
                        "maxBmi" : 29.041518380755523
                }
        },
        {
                "_id" : "Saint Kitts and Nevis",
                "value" : {
                        "count" : 16,
                        "avgBmi" : 27.801128935139957,
                        "minBmi" : 25.18137321901941,
                        "maxBmi" : 30.06261206327215
                }
        },
        {
                "_id" : "Senegal",
                "value" : {
                        "count" : 36,
                        "avgBmi" : 23.415570863855162,
                        "minBmi" : 21.10083404913989,
                        "maxBmi" : 26.591448446940536
                }
        },
        {
                "_id" : "Andorra",
                "value" : {
                        "count" : 8,
                        "avgBmi" : 28.172283654749506,
                        "minBmi" : 25.692486527991623,
                        "maxBmi" : 30.652080781507387
                }
        },
        {
                "_id" : "Lithuania",
                "value" : {
                        "count" : 76,
                        "avgBmi" : 24.414208345235178,
                        "minBmi" : 19.688339749666333,
                        "maxBmi" : 30.887830005968034
                }
        },
        {
                "_id" : "Ethiopia",
                "value" : {
                        "count" : 100,
                        "avgBmi" : 25.473965952790028,
                        "minBmi" : 20.553672857450287,
                        "maxBmi" : 32.854118632393785
                }
        },
        {
                "_id" : "Saint Lucia",
                "value" : {
                        "count" : 12,
                        "avgBmi" : 23.007900513203566,
                        "minBmi" : 20.263359356035604,
                        "maxBmi" : 27.57036153167093
                }
        },
        {
                "_id" : "Peru",
                "value" : {
                        "count" : 581,
                        "avgBmi" : 25.259897824284746,
                        "minBmi" : 17.80600236198692,
                        "maxBmi" : 36.36334544992971
                }
        },
        {
                "_id" : "Comoros",
                "value" : {
                        "count" : 40,
                        "avgBmi" : 25.439043034337953,
                        "minBmi" : 19.73678859401531,
                        "maxBmi" : 33.86465840113391
                }
        },
        {
                "_id" : "Qatar",
                "value" : {
                        "count" : 8,
                        "avgBmi" : 25.750482706734886,
                        "minBmi" : 21.90167438399709,
                        "maxBmi" : 29.599291029472685
                }
        },
        {
                "_id" : "Guyana",
                "value" : {
                        "count" : 8,
                        "avgBmi" : 26.155629974879567,
                        "minBmi" : 24.096889211890876,
                        "maxBmi" : 28.21437073786826
                }
        },
        {
                "_id" : "France",
                "value" : {
                        "count" : 1208,
                        "avgBmi" : 25.19165146657667,
                        "minBmi" : 14.89181034611511,
                        "maxBmi" : 40.687098141766576
                }
        },
        {
                "_id" : "Greece",
                "value" : {
                        "count" : 525,
                        "avgBmi" : 25.743410372979994,
                        "minBmi" : 18.240824766510304,
                        "maxBmi" : 41.52589808442401
                }
        },
        {
                "_id" : "Ireland",
                "value" : {
                        "count" : 148,
                        "avgBmi" : 25.9460269328614,
                        "minBmi" : 17.753180049744593,
                        "maxBmi" : 33.51950090390848
                }
        },
        {
                "_id" : "Republic of the Congo",
                "value" : {
                        "count" : 12,
                        "avgBmi" : 25.559867696319753,
                        "minBmi" : 17.661407823502014,
                        "maxBmi" : 30.40321009942462
                }
        },
        {
                "_id" : "Malaysia",
                "value" : {
                        "count" : 164,
                        "avgBmi" : 25.612388990594766,
                        "minBmi" : 18.54461856797744,
                        "maxBmi" : 36.53428355033911
                }
        },
        {
                "_id" : "Mozambique",
                "value" : {
                        "count" : 24,
                        "avgBmi" : 25.56294360884168,
                        "minBmi" : 22.800359685650267,
                        "maxBmi" : 29.44789535394624
                }
        },
        {
                "_id" : "Bhutan",
                "value" : {
                        "count" : 24,
                        "avgBmi" : 24.056604894581998,
                        "minBmi" : 19.41885638320743,
                        "maxBmi" : 31.357700022946304
                }
        },
        {
                "_id" : "Tonga",
                "value" : {
                        "count" : 4,
                        "avgBmi" : 23.8293086776095,
                        "minBmi" : 23.8293086776095,
                        "maxBmi" : 23.8293086776095
                }
        },
        {
                "_id" : "French Guiana",
                "value" : {
                        "count" : 8,
                        "avgBmi" : 25.591509763617097,
                        "minBmi" : 22.271800501837582,
                        "maxBmi" : 28.91121902539661
                }
        },
        {
                "_id" : "South Korea",
                "value" : {
                        "count" : 165,
                        "avgBmi" : 24.63972382279173,
                        "minBmi" : 17.724971165813702,
                        "maxBmi" : 31.35384445026281
                }
        },
        {
                "_id" : "Bosnia and Herzegovina",
                "value" : {
                        "count" : 128,
                        "avgBmi" : 25.418629730315743,
                        "minBmi" : 16.930664311421886,
                        "maxBmi" : 35.973950079941275
                }
        },
        {
                "_id" : "Jordan",
                "value" : {
                        "count" : 33,
                        "avgBmi" : 26.35973130346114,
                        "minBmi" : 17.289044939043507,
                        "maxBmi" : 32.353159768034715
                }
        },
        {
                "_id" : "Palau",
                "value" : {
                        "count" : 8,
                        "avgBmi" : 29.619032693868505,
                        "minBmi" : 29.238705428689137,
                        "maxBmi" : 29.99935995904787
                }
        },
        {
                "_id" : "Equatorial Guinea",
                "value" : {
                        "count" : 4,
                        "avgBmi" : 24.784158605052227,
                        "minBmi" : 24.784158605052227,
                        "maxBmi" : 24.784158605052227
                }
        },
        {
                "_id" : "Tunisia",
                "value" : {
                        "count" : 118,
                        "avgBmi" : 24.08924289193928,
                        "minBmi" : 17.900338466793517,
                        "maxBmi" : 30.378661433346
                }
        },
        {
                "_id" : "Uganda",
                "value" : {
                        "count" : 88,
                        "avgBmi" : 25.799926326819378,
                        "minBmi" : 20.585897193172045,
                        "maxBmi" : 33.245708734909755
                }
        },
        {
                "_id" : "Luxembourg",
                "value" : {
                        "count" : 76,
                        "avgBmi" : 26.311128380021454,
                        "minBmi" : 19.267057864459574,
                        "maxBmi" : 33.21935122648016
                }
        },
        {
                "_id" : "Nigeria",
                "value" : {
                        "count" : 348,
                        "avgBmi" : 24.802388203011258,
                        "minBmi" : 16.860335772659223,
                        "maxBmi" : 36.16277887197436
                }
        },
        {
                "_id" : "Norway",
                "value" : {
                        "count" : 152,
                        "avgBmi" : 27.01205330474685,
                        "minBmi" : 19.602504292612466,
                        "maxBmi" : 35.16718168618179
                }
        },
        {
                "_id" : "Lebanon",
                "value" : {
                        "count" : 24,
                        "avgBmi" : 27.50900155800487,
                        "minBmi" : 22.696782965005372,
                        "maxBmi" : 32.44443107233453
                }
        },
        {
                "_id" : "Kuwait",
                "value" : {
                        "count" : 28,
                        "avgBmi" : 25.23166501191637,
                        "minBmi" : 22.43979747671335,
                        "maxBmi" : 27.184318738806667
                }
        },
        {
                "_id" : "American Samoa",
                "value" : {
                        "count" : 4,
                        "avgBmi" : 22.398336918076588,
                        "minBmi" : 22.398336918076588,
                        "maxBmi" : 22.398336918076588
                }
        },
        {
                "_id" : "Yemen",
                "value" : {
                        "count" : 132,
                        "avgBmi" : 25.520741902141808,
                        "minBmi" : 20.91065689284758,
                        "maxBmi" : 34.85489627858924
                }
        },
        {
                "_id" : "New Caledonia",
                "value" : {
                        "count" : 8,
                        "avgBmi" : 25.505881788345544,
                        "minBmi" : 24.07180767559938,
                        "maxBmi" : 26.939955901091704
                }
        },
        {
                "_id" : "Macedonia",
                "value" : {
                        "count" : 120,
                        "avgBmi" : 25.16954316733825,
                        "minBmi" : 20.495052187246902,
                        "maxBmi" : 32.52569417786054
                }
        },
        {
                "_id" : "Papua New Guinea",
                "value" : {
                        "count" : 16,
                        "avgBmi" : 24.21326408700207,
                        "minBmi" : 19.859417039821558,
                        "maxBmi" : 26.903589650913553
                }
        },
        {
                "_id" : "Kosovo",
                "value" : {
                        "count" : 24,
                        "avgBmi" : 24.130951832403824,
                        "minBmi" : 19.254012570630334,
                        "maxBmi" : 29.624326587170813
                }
        },
        {
                "_id" : "China",
                "value" : {
                        "count" : 7328,
                        "avgBmi" : 25.562180561125622,
                        "minBmi" : 15.457567797405272,
                        "maxBmi" : 42.36228470295767
                }
        },
        {
                "_id" : "Sint Maarten",
                "value" : {
                        "count" : 8,
                        "avgBmi" : 23.160784820344972,
                        "minBmi" : 22.218504166585916,
                        "maxBmi" : 24.103065474104024
                }
        },
        {
                "_id" : "Algeria",
                "value" : {
                        "count" : 4,
                        "avgBmi" : 28.59446385380274,
                        "minBmi" : 28.59446385380274,
                        "maxBmi" : 28.59446385380274
                }
        },
        {
                "_id" : "Latvia",
                "value" : {
                        "count" : 56,
                        "avgBmi" : 26.634771177397006,
                        "minBmi" : 18.435535988693058,
                        "maxBmi" : 32.88731053562053
                }
        },
        {
                "_id" : "Guadeloupe",
                "value" : {
                        "count" : 5,
                        "avgBmi" : 21.487491562132004,
                        "minBmi" : 19.172309600728305,
                        "maxBmi" : 22.066287052482927
                }
        },
        {
                "_id" : "Suriname",
                "value" : {
                        "count" : 4,
                        "avgBmi" : 30.38931494743512,
                        "minBmi" : 30.38931494743512,
                        "maxBmi" : 30.38931494743512
                }
        },
        {
                "_id" : "Seychelles",
                "value" : {
                        "count" : 4,
                        "avgBmi" : 25.710551755136727,
                        "minBmi" : 25.710551755136727,
                        "maxBmi" : 25.710551755136727
                }
        },
        {
                "_id" : "Panama",
                "value" : {
                        "count" : 104,
                        "avgBmi" : 24.992264629881035,
                        "minBmi" : 20.497034879989776,
                        "maxBmi" : 33.20491691331715
                }
        },
        {
                "_id" : "Dominica",
                "value" : {
                        "count" : 4,
                        "avgBmi" : 26.42147612552151,
                        "minBmi" : 26.42147612552151,
                        "maxBmi" : 26.42147612552151
                }
        },
        {
                "_id" : "Bolivia",
                "value" : {
                        "count" : 104,
                        "avgBmi" : 25.291606754307587,
                        "minBmi" : 20.461244736382792,
                        "maxBmi" : 32.04862302606188
                }
        },
        {
                "_id" : "Ghana",
                "value" : {
                        "count" : 37,
                        "avgBmi" : 25.673419776317008,
                        "minBmi" : 19.51381185127508,
                        "maxBmi" : 32.50433727787583
                }
        },
        {
                "_id" : "Ecuador",
                "value" : {
                        "count" : 60,
                        "avgBmi" : 25.662550287570205,
                        "minBmi" : 19.837789435759387,
                        "maxBmi" : 31.540757595400457
                }
        },
        {
                "_id" : "East Timor",
                "value" : {
                        "count" : 16,
                        "avgBmi" : 25.827978752662307,
                        "minBmi" : 21.52514539442196,
                        "maxBmi" : 32.7295665335962
                }
        },
        {
                "_id" : "Pakistan",
                "value" : {
                        "count" : 192,
                        "avgBmi" : 25.02816349688193,
                        "minBmi" : 17.507302336811122,
                        "maxBmi" : 35.54144749573527
                }
        },
        {
                "_id" : "Bulgaria",
                "value" : {
                        "count" : 138,
                        "avgBmi" : 24.51250548218482,
                        "minBmi" : 18.41576363318103,
                        "maxBmi" : 32.59850336330581
                }
        },
        {
                "_id" : "Syria",
                "value" : {
                        "count" : 152,
                        "avgBmi" : 25.379241567006563,
                        "minBmi" : 18.668899303500158,
                        "maxBmi" : 36.40174893568621
                }
        },
        {
                "_id" : "Malawi",
                "value" : {
                        "count" : 20,
                        "avgBmi" : 27.299142700133025,
                        "minBmi" : 23.29026327914253,
                        "maxBmi" : 30.498934041274012
                }
        },
        {
                "_id" : "Togo",
                "value" : {
                        "count" : 20,
                        "avgBmi" : 23.268539811569156,
                        "minBmi" : 21.483089176370907,
                        "maxBmi" : 24.55999969363162
                }
        },
        {
                "_id" : "Palestinian Territory",
                "value" : {
                        "count" : 148,
                        "avgBmi" : 25.519771078365178,
                        "minBmi" : 19.17952511054918,
                        "maxBmi" : 35.54150728191122
                }
        },
        {
                "_id" : "Japan",
                "value" : {
                        "count" : 720,
                        "avgBmi" : 25.28897911812304,
                        "minBmi" : 18.904522765080692,
                        "maxBmi" : 37.208271542614156
                }
        },
        {
                "_id" : "Trinidad and Tobago",
                "value" : {
                        "count" : 16,
                        "avgBmi" : 27.59864570458299,
                        "minBmi" : 22.714055076873127,
                        "maxBmi" : 31.519844903401175
                }
        },
        {
                "_id" : "Sri Lanka",
                "value" : {
                        "count" : 36,
                        "avgBmi" : 24.576523965721474,
                        "minBmi" : 20.744421581687583,
                        "maxBmi" : 28.603619664191676
                }
        },
        {
                "_id" : "New Zealand",
                "value" : {
                        "count" : 64,
                        "avgBmi" : 25.359794144919377,
                        "minBmi" : 20.0150377965085,
                        "maxBmi" : 33.70893869077877
                }
        },
        {
                "_id" : "Western Sahara",
                "value" : {
                        "count" : 4,
                        "avgBmi" : 22.751092261882587,
                        "minBmi" : 22.751092261882587,
                        "maxBmi" : 22.751092261882587
                }
        },
        {
                "_id" : "Burkina Faso",
                "value" : {
                        "count" : 40,
                        "avgBmi" : 27.58147333149779,
                        "minBmi" : 19.87492441626006,
                        "maxBmi" : 39.84736448162323
                }
        },
        {
                "_id" : "Sierra Leone",
                "value" : {
                        "count" : 40,
                        "avgBmi" : 25.11304222749876,
                        "minBmi" : 19.498876420531634,
                        "maxBmi" : 33.44826945468169
                }
        },
        {
                "_id" : "French Polynesia",
                "value" : {
                        "count" : 20,
                        "avgBmi" : 25.35140886054146,
                        "minBmi" : 20.299688460981415,
                        "maxBmi" : 28.539227949185673
                }
        },
        {
                "_id" : "Costa Rica",
                "value" : {
                        "count" : 64,
                        "avgBmi" : 24.6504373372002,
                        "minBmi" : 20.494010942211922,
                        "maxBmi" : 28.898569613792326
                }
        },
        {
                "_id" : "Cuba",
                "value" : {
                        "count" : 136,
                        "avgBmi" : 26.379191356857525,
                        "minBmi" : 18.489462979361967,
                        "maxBmi" : 35.424098295679755
                }
        },
        {
                "_id" : "Colombia",
                "value" : {
                        "count" : 602,
                        "avgBmi" : 25.756301275895787,
                        "minBmi" : 17.766168088813238,
                        "maxBmi" : 35.4010351305359
                }
        },
        {
                "_id" : "Portugal",
                "value" : {
                        "count" : 1249,
                        "avgBmi" : 25.421887619767737,
                        "minBmi" : 15.639034707565335,
                        "maxBmi" : 39.66789019620169
                }
        },
        {
                "_id" : "Bangladesh",
                "value" : {
                        "count" : 72,
                        "avgBmi" : 26.693456288940407,
                        "minBmi" : 19.809821191475773,
                        "maxBmi" : 34.06297114172177
                }
        },
        {
                "_id" : "Sweden",
                "value" : {
                        "count" : 1044,
                        "avgBmi" : 25.734890087666585,
                        "minBmi" : 17.422055894220154,
                        "maxBmi" : 40.0885905616931
                }
        },
        {
                "_id" : "Barbados",
                "value" : {
                        "count" : 4,
                        "avgBmi" : 21.343242644513325,
                        "minBmi" : 21.343242644513325,
                        "maxBmi" : 21.343242644513325
                }
        },
        {
                "_id" : "Wallis and Futuna",
                "value" : {
                        "count" : 8,
                        "avgBmi" : 26.382539258382774,
                        "minBmi" : 24.333907578214887,
                        "maxBmi" : 28.431170938550665
                }
        },
        {
                "_id" : "Paraguay",
                "value" : {
                        "count" : 68,
                        "avgBmi" : 25.11890801734548,
                        "minBmi" : 21.194188847738655,
                        "maxBmi" : 32.977747972845
                }
        },
        {
                "_id" : "Zimbabwe",
                "value" : {
                        "count" : 60,
                        "avgBmi" : 26.975918802407328,
                        "minBmi" : 22.609825375832816,
                        "maxBmi" : 35.12027773402992
                }
        },
        {
                "_id" : "United Arab Emirates",
                "value" : {
                        "count" : 8,
                        "avgBmi" : 26.572025231735637,
                        "minBmi" : 23.390978608691807,
                        "maxBmi" : 29.753071854779467
                }
        },
        {
                "_id" : "Turkey",
                "value" : {
                        "count" : 12,
                        "avgBmi" : 22.99159106196313,
                        "minBmi" : 22.712340024306464,
                        "maxBmi" : 23.218818230827427
                }
        },
        {
                "_id" : "Fiji",
                "value" : {
                        "count" : 4,
                        "avgBmi" : 21.202149695398855,
                        "minBmi" : 21.202149695398855,
                        "maxBmi" : 21.202149695398855
                }
        },
        {
                "_id" : "Oman",
                "value" : {
                        "count" : 12,
                        "avgBmi" : 25.688221135833004,
                        "minBmi" : 23.599509054084226,
                        "maxBmi" : 27.084022161790852
                }
        },
        {
                "_id" : "Vanuatu",
                "value" : {
                        "count" : 12,
                        "avgBmi" : 24.697548912916897,
                        "minBmi" : 23.049311522774552,
                        "maxBmi" : 27.20784148023659
                }
        },
        {
                "_id" : "Central African Republic",
                "value" : {
                        "count" : 24,
                        "avgBmi" : 23.916787330266967,
                        "minBmi" : 19.614899401982278,
                        "maxBmi" : 28.954561237220556
                }
        },
        {
                "_id" : "Brazil",
                "value" : {
                        "count" : 1504,
                        "avgBmi" : 25.601910304147385,
                        "minBmi" : 17.455901881799914,
                        "maxBmi" : 40.629137270681994
                }
        },
        {
                "_id" : "Guinea",
                "value" : {
                        "count" : 32,
                        "avgBmi" : 27.914221596798207,
                        "minBmi" : 20.460478773371793,
                        "maxBmi" : 34.462128538412365
                }
        },
        {
                "_id" : "Vietnam",
                "value" : {
                        "count" : 334,
                        "avgBmi" : 25.005389067756255,
                        "minBmi" : 16.58807462378891,
                        "maxBmi" : 32.97072894443238
                }
        },
        {
                "_id" : "Iraq",
                "value" : {
                        "count" : 48,
                        "avgBmi" : 24.09773233677687,
                        "minBmi" : 17.811382149213077,
                        "maxBmi" : 33.23798843565602
                }
        },
        {
                "_id" : "Iceland",
                "value" : {
                        "count" : 24,
                        "avgBmi" : 25.59095093253575,
                        "minBmi" : 22.674667319714626,
                        "maxBmi" : 30.147382261951023
                }
        },
        {
                "_id" : "Reunion",
                "value" : {
                        "count" : 20,
                        "avgBmi" : 26.421775697845288,
                        "minBmi" : 18.72890348175829,
                        "maxBmi" : 39.16506059010436
                }
        },
        {
                "_id" : "Malta",
                "value" : {
                        "count" : 56,
                        "avgBmi" : 26.169580448971242,
                        "minBmi" : 22.1203842493067,
                        "maxBmi" : 36.019789085882365
                }
        },
        {
                "_id" : "Montenegro",
                "value" : {
                        "count" : 36,
                        "avgBmi" : 24.00617071684226,
                        "minBmi" : 20.73659089443422,
                        "maxBmi" : 29.526909667433994
                }
        },
        {
                "_id" : "Israel",
                "value" : {
                        "count" : 89,
                        "avgBmi" : 25.351395950518967,
                        "minBmi" : 16.525549024295877,
                        "maxBmi" : 30.14483568029636
                }
        },
        {
                "_id" : "Cameroon",
                "value" : {
                        "count" : 80,
                        "avgBmi" : 24.636695335422285,
                        "minBmi" : 19.681646953380184,
                        "maxBmi" : 33.171539196923106
                }
        },
        {
                "_id" : "Mauritania",
                "value" : {
                        "count" : 8,
                        "avgBmi" : 21.56355023247727,
                        "minBmi" : 20.427479249813242,
                        "maxBmi" : 22.6996212151413
                }
        },
        {
                "_id" : "Argentina",
                "value" : {
                        "count" : 589,
                        "avgBmi" : 25.663856262298086,
                        "minBmi" : 17.58733455568425,
                        "maxBmi" : 34.13224063185604
                }
        },
        {
                "_id" : "Kiribati",
                "value" : {
                        "count" : 4,
                        "avgBmi" : 23.104683336146245,
                        "minBmi" : 23.104683336146245,
                        "maxBmi" : 23.104683336146245
                }
        },
        {
                "_id" : "Rwanda",
                "value" : {
                        "count" : 12,
                        "avgBmi" : 25.96047518885389,
                        "minBmi" : 22.834957662274157,
                        "maxBmi" : 27.603959193710978
                }
        },
        {
                "_id" : "Zambia",
                "value" : {
                        "count" : 32,
                        "avgBmi" : 25.857875377943586,
                        "minBmi" : 20.338719513529025,
                        "maxBmi" : 31.44864603504859
                }
        },
        {
                "_id" : "Dominican Republic",
                "value" : {
                        "count" : 113,
                        "avgBmi" : 24.101886543549575,
                        "minBmi" : 18.01287119956941,
                        "maxBmi" : 30.32549350733767
                }
        },
        {
                "_id" : "Austria",
                "value" : {
                        "count" : 28,
                        "avgBmi" : 27.938831779729522,
                        "minBmi" : 23.01532709975852,
                        "maxBmi" : 37.259975846114166
                }
        },
        {
                "_id" : "Namibia",
                "value" : {
                        "count" : 21,
                        "avgBmi" : 26.38069439838169,
                        "minBmi" : 19.26580170883617,
                        "maxBmi" : 32.280397498780374
                }
        },
        {
                "_id" : "Gabon",
                "value" : {
                        "count" : 8,
                        "avgBmi" : 25.65753672826553,
                        "minBmi" : 22.2668025616016,
                        "maxBmi" : 29.048270894929466
                }
        },
        {
                "_id" : "Hong Kong",
                "value" : {
                        "count" : 4,
                        "avgBmi" : 27.28283221221082,
                        "minBmi" : 27.28283221221082,
                        "maxBmi" : 27.28283221221082
                }
        },
        {
                "_id" : "Georgia",
                "value" : {
                        "count" : 56,
                        "avgBmi" : 24.32029582441772,
                        "minBmi" : 19.907789367690288,
                        "maxBmi" : 27.6963070482808
                }
        },
        {
                "_id" : "Venezuela",
                "value" : {
                        "count" : 153,
                        "avgBmi" : 24.874072212475124,
                        "minBmi" : 18.86211751235061,
                        "maxBmi" : 31.135855490289448
                }
        },
        {
                "_id" : "Estonia",
                "value" : {
                        "count" : 44,
                        "avgBmi" : 25.542136169318578,
                        "minBmi" : 18.560878620789442,
                        "maxBmi" : 28.683601556059926
                }
        },
        {
                "_id" : "Eritrea",
                "value" : {
                        "count" : 12,
                        "avgBmi" : 26.186666767587784,
                        "minBmi" : 24.502688749443237,
                        "maxBmi" : 28.70618768025632
                }
        },
        {
                "_id" : "Democratic Republic of the Congo",
                "value" : {
                        "count" : 72,
                        "avgBmi" : 26.530271205495296,
                        "minBmi" : 18.27553140160477,
                        "maxBmi" : 33.51540157186675
                }
        },
        {
                "_id" : "Spain",
                "value" : {
                        "count" : 60,
                        "avgBmi" : 26.172174392961132,
                        "minBmi" : 21.71883995935713,
                        "maxBmi" : 34.9356602063431
                }
        },
        {
                "_id" : "Niger",
                "value" : {
                        "count" : 32,
                        "avgBmi" : 26.384679570852143,
                        "minBmi" : 20.072042961863815,
                        "maxBmi" : 30.22683231486928
                }
        },
        {
                "_id" : "Serbia",
                "value" : {
                        "count" : 233,
                        "avgBmi" : 25.759266424853724,
                        "minBmi" : 18.75880119586755,
                        "maxBmi" : 43.5483280468202
                }
        },
        {
                "_id" : "Morocco",
                "value" : {
                        "count" : 136,
                        "avgBmi" : 25.874999241815964,
                        "minBmi" : 20.182304322324796,
                        "maxBmi" : 32.90604019213787
                }
        },
        {
                "_id" : "Belgium",
                "value" : {
                        "count" : 20,
                        "avgBmi" : 26.140778626016406,
                        "minBmi" : 20.047926099827215,
                        "maxBmi" : 28.997682388567075
                }
        },
        {
                "_id" : "Hungary",
                "value" : {
                        "count" : 24,
                        "avgBmi" : 26.314073634053813,
                        "minBmi" : 22.357117184320284,
                        "maxBmi" : 32.692378884374165
                }
        },
        {
                "_id" : "Australia",
                "value" : {
                        "count" : 12,
                        "avgBmi" : 25.195047158310075,
                        "minBmi" : 20.65310909810227,
                        "maxBmi" : 29.824555993432547
                }
        },
        {
                "_id" : "Belize",
                "value" : {
                        "count" : 16,
                        "avgBmi" : 23.220039319907464,
                        "minBmi" : 18.424047224128543,
                        "maxBmi" : 26.22341661344843
                }
        },
        {
                "_id" : "Nauru",
                "value" : {
                        "count" : 4,
                        "avgBmi" : 22.91236113053845,
                        "minBmi" : 22.91236113053845,
                        "maxBmi" : 22.91236113053845
                }
        },
        {
                "_id" : "Taiwan",
                "value" : {
                        "count" : 20,
                        "avgBmi" : 26.610153474174844,
                        "minBmi" : 20.359929764833225,
                        "maxBmi" : 31.17139169587829
                }
        },
        {
                "_id" : "Mali",
                "value" : {
                        "count" : 48,
                        "avgBmi" : 24.91941030275993,
                        "minBmi" : 19.24668555616468,
                        "maxBmi" : 31.670167430660804
                }
        },
        {
                "_id" : "Slovakia",
                "value" : {
                        "count" : 4,
                        "avgBmi" : 21.33881881098346,
                        "minBmi" : 21.33881881098346,
                        "maxBmi" : 21.33881881098346
                }
        },
        {
                "_id" : "Kazakhstan",
                "value" : {
                        "count" : 116,
                        "avgBmi" : 25.87229683553717,
                        "minBmi" : 16.807079935832505,
                        "maxBmi" : 36.896740125150984
                }
        },
        {
                "_id" : "Saudi Arabia",
                "value" : {
                        "count" : 32,
                        "avgBmi" : 25.676484975670665,
                        "minBmi" : 19.971991294865283,
                        "maxBmi" : 32.095388696280175
                }
        },
        {
                "_id" : "Nepal",
                "value" : {
                        "count" : 64,
                        "avgBmi" : 26.43434938647296,
                        "minBmi" : 19.748973244733463,
                        "maxBmi" : 31.078489717648623
                }
        },
        {
                "_id" : "Armenia",
                "value" : {
                        "count" : 156,
                        "avgBmi" : 24.941789322543034,
                        "minBmi" : 19.17386933002285,
                        "maxBmi" : 31.66851100446302
                }
        },
        {
                "_id" : "United States",
                "value" : {
                        "count" : 889,
                        "avgBmi" : 25.73838431730365,
                        "minBmi" : 18.501182435921706,
                        "maxBmi" : 36.69514941999169
                }
        },
        {
                "_id" : "Chile",
                "value" : {
                        "count" : 112,
                        "avgBmi" : 24.869680560672283,
                        "minBmi" : 16.951291627010804,
                        "maxBmi" : 29.798858408255157
                }
        },
        {
                "_id" : "United Kingdom",
                "value" : {
                        "count" : 72,
                        "avgBmi" : 23.785736038980996,
                        "minBmi" : 19.427928671881645,
                        "maxBmi" : 31.903158982438534
                }
        },
        {
                "_id" : "Bahamas",
                "value" : {
                        "count" : 20,
                        "avgBmi" : 24.994816322414785,
                        "minBmi" : 22.24366536017229,
                        "maxBmi" : 26.596494551398333
                }
        },
        {
                "_id" : "Samoa",
                "value" : {
                        "count" : 4,
                        "avgBmi" : 20.54488200453268,
                        "minBmi" : 20.54488200453268,
                        "maxBmi" : 20.54488200453268
                }
        },
        {
                "_id" : "Tuvalu",
                "value" : {
                        "count" : 4,
                        "avgBmi" : 22.604184356959067,
                        "minBmi" : 22.604184356959067,
                        "maxBmi" : 22.604184356959067
                }
        },
        {
                "_id" : "Madagascar",
                "value" : {
                        "count" : 120,
                        "avgBmi" : 24.78315354739493,
                        "minBmi" : 17.556666479697988,
                        "maxBmi" : 30.189583737327382
                }
        },
        {
                "_id" : "Kyrgyzstan",
                "value" : {
                        "count" : 64,
                        "avgBmi" : 23.79456317353873,
                        "minBmi" : 16.846474930530864,
                        "maxBmi" : 34.055769789718404
                }
        },
        {
                "_id" : "Ukraine",
                "value" : {
                        "count" : 659,
                        "avgBmi" : 25.176114463710924,
                        "minBmi" : 16.525546999186048,
                        "maxBmi" : 36.84222756372364
                }
        },
        {
                "_id" : "Angola",
                "value" : {
                        "count" : 32,
                        "avgBmi" : 24.179675621039316,
                        "minBmi" : 18.36240074409329,
                        "maxBmi" : 31.67480491405164
                }
        },
        {
                "_id" : "Cyprus",
                "value" : {
                        "count" : 20,
                        "avgBmi" : 25.19379219201182,
                        "minBmi" : 22.195141736787935,
                        "maxBmi" : 29.825489728395752
                }
        }
]