﻿[
  {
    "p": {
"start": {
"identity": 21,
"labels": [
          "Airport"
        ],
"properties": {
"name": "MSN"
        }
      },
"end": {
"identity": 68,
"labels": [
          "Airport"
        ],
"properties": {
"name": "GRR"
        }
      },
"segments": [
        {
          "start": {
"identity": 21,
"labels": [
              "Airport"
            ],
"properties": {
"name": "MSN"
            }
          },
          "relationship": {
"identity": 250,
"start": 271,
"end": 21,
"type": "ORIGIN",
"properties": {

            }
          },
          "end": {
"identity": 271,
"labels": [
              "Flight"
            ],
"properties": {
"date": "11/30/2015 05:26:41",
"duration": 30,
"distance": 108,
"airline": "19977"
            }
          }
        },
        {
          "start": {
"identity": 271,
"labels": [
              "Flight"
            ],
"properties": {
"date": "11/30/2015 05:26:41",
"duration": 30,
"distance": 108,
"airline": "19977"
            }
          },
          "relationship": {
"identity": 251,
"start": 271,
"end": 7,
"type": "DESTINATION",
"properties": {

            }
          },
          "end": {
"identity": 7,
"labels": [
              "Airport"
            ],
"properties": {
"name": "ORD"
            }
          }
        },
        {
          "start": {
"identity": 7,
"labels": [
              "Airport"
            ],
"properties": {
"name": "ORD"
            }
          },
          "relationship": {
"identity": 975,
"start": 851,
"end": 7,
"type": "ORIGIN",
"properties": {

            }
          },
          "end": {
"identity": 851,
"labels": [
              "Flight"
            ],
"properties": {
"date": "11/17/2015 16:11:47",
"duration": 23,
"distance": 137,
"airline": "20304"
            }
          }
        },
        {
          "start": {
"identity": 851,
"labels": [
              "Flight"
            ],
"properties": {
"date": "11/17/2015 16:11:47",
"duration": 23,
"distance": 137,
"airline": "20304"
            }
          },
          "relationship": {
"identity": 976,
"start": 851,
"end": 68,
"type": "DESTINATION",
"properties": {

            }
          },
          "end": {
"identity": 68,
"labels": [
              "Airport"
            ],
"properties": {
"name": "GRR"
            }
          }
        }
      ],
"length": 4.0
    },
    "price": 196.5
  }
]