﻿[
  {
    "a": {
"identity": 3,
"labels": [
        "Airport"
      ],
"properties": {
"name": "SAT"
      }
    },
    "loty": 1
  },
  {
    "a": {
"identity": 6,
"labels": [
        "Airport"
      ],
"properties": {
"name": "FLL"
      }
    },
    "loty": 1
  },
  {
    "a": {
"identity": 9,
"labels": [
        "Airport"
      ],
"properties": {
"name": "KOA"
      }
    },
    "loty": 1
  },
  {
    "a": {
"identity": 13,
"labels": [
        "Airport"
      ],
"properties": {
"name": "SMF"
      }
    },
    "loty": 1
  },
  {
    "a": {
"identity": 14,
"labels": [
        "Airport"
      ],
"properties": {
"name": "RIC"
      }
    },
    "loty": 1
  },
  {
    "a": {
"identity": 15,
"labels": [
        "Airport"
      ],
"properties": {
"name": "IND"
      }
    },
    "loty": 1
  },
  {
    "a": {
"identity": 20,
"labels": [
        "Airport"
      ],
"properties": {
"name": "MCI"
      }
    },
    "loty": 1
  },
  {
    "a": {
"identity": 21,
"labels": [
        "Airport"
      ],
"properties": {
"name": "MSN"
      }
    },
    "loty": 1
  },
  {
    "a": {
"identity": 30,
"labels": [
        "Airport"
      ],
"properties": {
"name": "BIL"
      }
    },
    "loty": 1
  },
  {
    "a": {
"identity": 32,
"labels": [
        "Airport"
      ],
"properties": {
"name": "ROC"
      }
    },
    "loty": 1
  },
  {
    "a": {
"identity": 33,
"labels": [
        "Airport"
      ],
"properties": {
"name": "CLT"
      }
    },
    "loty": 1
  },
  {
    "a": {
"identity": 34,
"labels": [
        "Airport"
      ],
"properties": {
"name": "DCA"
      }
    },
    "loty": 1
  },
  {
    "a": {
"identity": 38,
"labels": [
        "Airport"
      ],
"properties": {
"name": "PBI"
      }
    },
    "loty": 1
  },
  {
    "a": {
"identity": 39,
"labels": [
        "Airport"
      ],
"properties": {
"name": "MIA"
      }
    },
    "loty": 1
  },
  {
    "a": {
"identity": 45,
"labels": [
        "Airport"
      ],
"properties": {
"name": "MOB"
      }
    },
    "loty": 1
  },
  {
    "a": {
"identity": 22,
"labels": [
        "Airport"
      ],
"properties": {
"name": "SNA"
      }
    },
    "loty": 2
  },
  {
    "a": {
"identity": 25,
"labels": [
        "Airport"
      ],
"properties": {
"name": "LAS"
      }
    },
    "loty": 2
  },
  {
    "a": {
"identity": 26,
"labels": [
        "Airport"
      ],
"properties": {
"name": "ATL"
      }
    },
    "loty": 2
  },
  {
    "a": {
"identity": 27,
"labels": [
        "Airport"
      ],
"properties": {
"name": "CMH"
      }
    },
    "loty": 2
  },
  {
    "a": {
"identity": 28,
"labels": [
        "Airport"
      ],
"properties": {
"name": "SJC"
      }
    },
    "loty": 2
  },
  {
    "a": {
"identity": 31,
"labels": [
        "Airport"
      ],
"properties": {
"name": "LGA"
      }
    },
    "loty": 2
  },
  {
    "a": {
"identity": 42,
"labels": [
        "Airport"
      ],
"properties": {
"name": "TUS"
      }
    },
    "loty": 2
  },
  {
    "a": {
"identity": 0,
"labels": [
        "Airport"
      ],
"properties": {
"name": "SEA"
      }
    },
    "loty": 3
  },
  {
    "a": {
"identity": 29,
"labels": [
        "Airport"
      ],
"properties": {
"name": "PHX"
      }
    },
    "loty": 3
  },
  {
    "a": {
"identity": 46,
"labels": [
        "Airport"
      ],
"properties": {
"name": "SBN"
      }
    },
    "loty": 3
  },
  {
    "a": {
"identity": 4,
"labels": [
        "Airport"
      ],
"properties": {
"name": "MCO"
      }
    },
    "loty": 4
  },
  {
    "a": {
"identity": 10,
"labels": [
        "Airport"
      ],
"properties": {
"name": "PDX"
      }
    },
    "loty": 4
  },
  {
    "a": {
"identity": 16,
"labels": [
        "Airport"
      ],
"properties": {
"name": "BOS"
      }
    },
    "loty": 4
  },
  {
    "a": {
"identity": 18,
"labels": [
        "Airport"
      ],
"properties": {
"name": "DFW"
      }
    },
    "loty": 4
  },
  {
    "a": {
"identity": 24,
"labels": [
        "Airport"
      ],
"properties": {
"name": "SAN"
      }
    },
    "loty": 4
  },
  {
    "a": {
"identity": 35,
"labels": [
        "Airport"
      ],
"properties": {
"name": "BHM"
      }
    },
    "loty": 4
  },
  {
    "a": {
"identity": 37,
"labels": [
        "Airport"
      ],
"properties": {
"name": "CVG"
      }
    },
    "loty": 4
  },
  {
    "a": {
"identity": 40,
"labels": [
        "Airport"
      ],
"properties": {
"name": "ABQ"
      }
    },
    "loty": 4
  },
  {
    "a": {
"identity": 41,
"labels": [
        "Airport"
      ],
"properties": {
"name": "FAT"
      }
    },
    "loty": 4
  },
  {
    "a": {
"identity": 43,
"labels": [
        "Airport"
      ],
"properties": {
"name": "DLH"
      }
    },
    "loty": 4
  },
  {
    "a": {
"identity": 19,
"labels": [
        "Airport"
      ],
"properties": {
"name": "SLC"
      }
    },
    "loty": 5
  },
  {
    "a": {
"identity": 23,
"labels": [
        "Airport"
      ],
"properties": {
"name": "HNL"
      }
    },
    "loty": 5
  },
  {
    "a": {
"identity": 44,
"labels": [
        "Airport"
      ],
"properties": {
"name": "FSD"
      }
    },
    "loty": 5
  },
  {
    "a": {
"identity": 1,
"labels": [
        "Airport"
      ],
"properties": {
"name": "EWR"
      }
    },
    "loty": 7
  },
  {
    "a": {
"identity": 49,
"labels": [
        "Airport"
      ],
"properties": {
"name": "MOT"
      }
    },
    "loty": 8
  },
  {
    "a": {
"identity": 8,
"labels": [
        "Airport"
      ],
"properties": {
"name": "MSP"
      }
    },
    "loty": 9
  },
  {
    "a": {
"identity": 12,
"labels": [
        "Airport"
      ],
"properties": {
"name": "IAD"
      }
    },
    "loty": 12
  },
  {
    "a": {
"identity": 36,
"labels": [
        "Airport"
      ],
"properties": {
"name": "BNA"
      }
    },
    "loty": 12
  },
  {
    "a": {
"identity": 47,
"labels": [
        "Airport"
      ],
"properties": {
"name": "AZO"
      }
    },
    "loty": 13
  },
  {
    "a": {
"identity": 11,
"labels": [
        "Airport"
      ],
"properties": {
"name": "SFO"
      }
    },
    "loty": 14
  },
  {
    "a": {
"identity": 17,
"labels": [
        "Airport"
      ],
"properties": {
"name": "DEN"
      }
    },
    "loty": 18
  },
  {
    "a": {
"identity": 5,
"labels": [
        "Airport"
      ],
"properties": {
"name": "LAX"
      }
    },
    "loty": 22
  },
  {
    "a": {
"identity": 2,
"labels": [
        "Airport"
      ],
"properties": {
"name": "IAH"
      }
    },
    "loty": 23
  },
  {
    "a": {
"identity": 48,
"labels": [
        "Airport"
      ],
"properties": {
"name": "DTW"
      }
    },
    "loty": 25
  },
  {
    "a": {
"identity": 7,
"labels": [
        "Airport"
      ],
"properties": {
"name": "ORD"
      }
    },
    "loty": 48
  }
]